timestamp,activity,voltage,current,charge
0.0,Standing,0.10993428306022465,0.002930867849414408,0.003222028557696354
0.001,Standing,0.11295377076201385,0.003761514928204013,0.004248772949182491
0.002,Standing,0.09531693250553329,0.0028829315215254097,0.0027479218925531186
0.003,Standing,0.13158425631014783,0.0033837173645764546,0.004452439329815261
0.004,Standing,0.09061051228130096,0.0032712800217929825,0.0029641235859024753
0.005,Standing,0.09073164614375076,0.0027671351232148715,0.002510667248314759
0.006,Standing,0.10483924543132069,0.002043359877671101,0.0021422430771967397
0.007,Standing,0.06550164334973935,0.0027188562353795136,0.0017808955144904388
0.008,Standing,0.07974337759331153,0.003157123666297637,0.002517597046303525
0.009,Standing,0.08183951848957578,0.0022938481493323544,0.001877274280295644
0.01,Standing,0.1293129753784311,0.0028871118497567324,0.0037334102354236896
0.011,Standing,0.10135056409375848,0.0022876259068932716,0.0023185217609912887
0.012,Standing,0.08911234550949636,0.003055461294854933,0.002722793225980059
0.013,Standing,0.07698012845155394,0.003187849009172836,0.002454010262102839
0.014,Standing,0.0879872262016239,0.0028541531251033616,0.002511290166325412
0.015,Standing,0.08796586775541207,0.003926139092254469,0.0034536623217861022
0.016,Standing,0.09973005550524133,0.00247114453552205,0.0024644738168908783
0.017,Standing,0.11645089824206378,0.002389578175014489,0.0027826852490006873
0.018,Standing,0.10417727190009511,0.0020201649380601123,0.002104552720353271
0.019,Standing,0.0734362790220314,0.0030984306179345617,0.002275372153890476
0.02,Standing,0.11476933159990821,0.0030856841405949853,0.0035414190634452366
0.021,Standing,0.09768703435223519,0.0028494481522053556,0.002783541395293977
0.022,Standing,0.07042956019265145,0.002640077895802646,0.0018593952507572104
0.023,Standing,0.09078722458080425,0.003528561113109458,0.00320348270222961
0.024,Standing,0.10687236579136923,0.0021184799223186333,0.0022640696117970844
0.025,Standing,0.1064816793878959,0.002807458859791842,0.0029894293420306274
0.026,Standing,0.08646155999388083,0.003305838144420434,0.0028582792305386706
0.027,Standing,0.12061999044991903,0.003465640059558099,0.0041802547088675476
0.028,Standing,0.08321564953554723,0.002845393812074393,0.002367812942561974
0.029,Standing,0.10662526862807128,0.0034877725635611796,0.003718846865033276
0.03,Standing,0.0904165152430942,0.0029071705116680913,0.00262856226882512
0.031,Standing,0.07787330051987944,0.0024018966879596646,0.0018704362259918607
0.032,Standing,0.11625051644788396,0.0036781200142854114,0.004275833512179774
0.033,Standing,0.09855979756839332,0.003501766448946012,0.0034513339233991054
0.034,Standing,0.10723272050095269,0.002677440122697438,0.0028710918833525084
0.035,Standing,0.10722791211016829,0.0037690182832329847,0.004041439612161238
0.036,Standing,0.09928347921780098,0.0037823218279070033,0.0037552207059603996
0.037,Standing,0.047605097918205115,0.003410951252187612,0.0016237866835461562
0.038,Standing,0.10174094136476343,0.002850496324767066,0.0029001217943859974
0.039,Standing,0.10183521553071005,0.0020062155426995537,0.0020430339219186947
0.04,Standing,0.09560656224324976,0.0031785562857558733,0.003038908393777917
0.041,Standing,0.12955788089483034,0.0027408648908631766,0.0035510064707927357
0.042,Standing,0.08383012794213625,0.002749121478207732,0.002304592052466289
0.043,Standing,0.11830804235404149,0.0031643755548298423,0.0037437107716490254
0.044,Standing,0.08940479592465923,0.0032566337165566782,0.002911586728301143
0.045,Standing,0.10194155098696081,0.003484322495266445,0.003551972393062188
0.046,Standing,0.08595893812245296,0.002836168926701116,0.0024379406927512504
0.047,Standing,0.09215783693735685,0.0022682425259339407,0.002090363248393985
0.048,Standing,0.10592240554129152,0.0031305276360899447,0.0033159301782813982
0.049,Standing,0.10010226913284923,0.002882706433312427,0.0028856545521843643
0.05,Standing,0.07169258515899171,0.0027896773386173203,0.001999991801649316
0.051,Standing,0.09314570966946462,0.0025988613653891907,0.0024207278621172995
0.052,Standing,0.09677428576667982,0.003202025428407269,0.0030987372384086043
0.053,Standing,0.1377237180242106,0.0030872889064159194,0.004251929068064996
0.054,Standing,0.1051510078144553,0.0029627770421169165,0.0031153899190812465
0.055,Standing,0.061624575694019176,0.0029867430622753915,0.001840567739197765
0.056,Standing,0.10120460419882053,0.004231621056242643,0.004282595341164316
0.057,Standing,0.09615278070437755,0.003150773671166806,0.0030295564985282847
0.058,Standing,0.09930576460589514,0.002415660981190234,0.002398890607657231
0.059,Standing,0.12285645629030043,0.003375966516343387,0.004147592827526591
0.06,Standing,0.11582063894086095,0.0025453062726026304,0.0029479899879301785
0.061,Standing,0.128055886218722,0.0022990744686038596,0.002944100185599046
0.062,Standing,0.11173714187600542,0.00409522781290499,0.004575890511451282
0.063,Standing,0.08018927349738623,0.002716851135198614,0.0021786231873212594
0.064,Standing,0.10199302730175283,0.0027482621729419004,0.0028030357883723784
0.065,Standing,0.06898673137867735,0.0030342814874030136,0.0020932516189876528
0.066,Standing,0.0787539257254779,0.0032367962153175907,0.002549104087296295
0.067,Standing,0.08161151531532394,0.00377496720250877,0.0030808079366239005
0.068,Standing,0.08433493415327527,0.0028389692418971622,0.0023942428407857097
0.069,Standing,0.1162703443473934,0.0023845678417830224,0.002772545240838327
0.07,Standing,0.1045491986920826,0.003653571377141214,0.003819779598444426
0.071,Standing,0.06785033530877546,0.003092316929266152,0.002098147405317113
0.072,Standing,0.10519765588496847,0.0033909114358886554,0.003567159343690191
0.073,Standing,0.07526098578243837,0.002339771693457862,0.0017609352415548388
0.074,Standing,0.11043883131233796,0.0031484923366165932,0.0034771581405178874
0.075,Standing,0.10500985700691753,0.0031732241047484878,0.003332198094905426
0.076,Standing,0.0863995055684302,0.0031161268485805018,0.002692318190058659
0.077,Standing,0.10586144946597363,0.002642824290986816,0.002797732101277484
0.078,Standing,0.13731549022289513,0.0032369164604558937,0.004444787705780596
0.079,Standing,0.07617393005594703,0.003328276804316915,0.0025352792449886757
0.08,Standing,0.08050636659545357,0.003393542301871226,0.002732017606116243
0.081,Standing,0.12317191158014809,0.002589658840824145,0.003189732297647404
0.082,Standing,0.11926752258488645,0.0032063904634682494,0.0038241824701766396
0.083,Standing,0.1164412031998898,0.003948396491326974,0.0045975603816033606
0.084,Standing,0.0950922376799426,0.002623131917821255,0.0024943948379530243
0.085,Standing,0.08220971140748953,0.002592094857517281,0.0021309537017733336
0.086,Standing,0.09845796581171792,0.003170575987408322,0.003121684621717024
0.087,Standing,0.10553381598660039,0.003413591624518012,0.003602493503552842
0.088,Standing,0.10026003783755814,0.0037267670385786583,0.0037364580429966082
0.089,Standing,0.09470686333524088,0.004360084583294809,0.0041292993476019215
0.09,Standing,0.11251334695530013,0.0025714212217918587,0.002893192080956892
0.091,Standing,0.07858215003877776,0.003241236207621593,0.00254703309978439
0.092,Standing,0.09553074429348299,0.003357000247046046,0.0032069673219371504
0.093,Standing,0.1094647524914709,0.002963585543671564,0.0032440815802530897
0.094,Standing,0.08306412563863191,0.0022425763876570675,0.0018627764681857597
0.095,Standing,0.09106970095865959,0.003428199397161736,0.0031220509392617638
0.096,Standing,0.10428187488260408,0.002377130610644006,0.002478916369187865
0.097,Standing,0.10346361851702364,0.0031926586898644183,0.0033032402074319265
0.098,Standing,0.08232285127597734,0.003076862552972764,0.002532960983450008
0.099,Standing,0.10116417436892,0.0024285148510846885,0.0024567869985264324
0.0,Sitting,0.20715574720696567,0.006280392263184117,0.01301019352032752
0.001,Sitting,0.22166102486350556,0.006526901026017452,0.014467595706096945
0.002,Sitting,0.1724466126408582,0.005531087480042439,0.00953817300153579
0.003,Sitting,0.2103007053441732,0.006256892975456105,0.013158290060014212
0.004,Sitting,0.21030095372612098,0.00792636574532736,0.016669222758243996
0.005,Sitting,0.21141781021386336,0.0065677828200903,0.013885462617837232
0.006,Sitting,0.21908003526986405,0.006325695625652899,0.013858336207744619
0.007,Sitting,0.1936946151071931,0.006379484610246634,0.012356718161639836
0.008,Sitting,0.18454349570924858,0.005881590696629996,0.01085409307487094
0.009,Sitting,0.19029272904341793,0.0060409370696931615,0.011495464009714598
0.01,Sitting,0.24629317133347017,0.005066367403704126,0.012478116949988089
0.011,Sitting,0.21372520380749027,0.005193642064405174,0.011100122087181502
0.012,Sitting,0.19056136268421134,0.006544475298483683,0.012471241309322114
0.013,Sitting,0.20128560038190926,0.005461127611035347,0.010992463499494717
0.014,Sitting,0.18569392581480065,0.006339798874467338,0.011772621418760945
0.015,Sitting,0.18539266736565727,0.006108229294790987,0.01132420921842349
0.016,Sitting,0.2009114367980763,0.005674199826197091,0.011400116397606524
0.017,Sitting,0.24287888178650652,0.006316959511159005,0.01534256062360936
0.018,Sitting,0.15949714826684785,0.006093227157384714,0.009718523553449737
0.019,Sitting,0.18676427070463225,0.006426216667398112,0.012001876692765607
0.02,Sitting,0.184149585231346,0.005942631779266551,0.01094333177334551
0.021,Sitting,0.21009974557960914,0.006432877597085061,0.013515459464923387
0.022,Sitting,0.1759940718588845,0.005832749382079526,0.010265293138845683
0.023,Sitting,0.1905010937767809,0.005673335383713144,0.01080776595959867
0.024,Sitting,0.23530908480562196,0.006202490855480478,0.014595024467183505
0.025,Sitting,0.1747823209132991,0.006458930973527388,0.011289069461719113
0.026,Sitting,0.2424431239402527,0.006516232630275573,0.015798157952054196
0.027,Sitting,0.16961260068091974,0.0057578829635668745,0.009766095038669391
0.028,Sitting,0.22533822298373246,0.00564616526719061,0.012722968479812032
0.029,Sitting,0.2088763885629246,0.006387317026714669,0.013341597131466373
0.03,Sitting,0.18146139056843835,0.0059702373219691005,0.010833675664681025
0.031,Sitting,0.13517465319861854,0.0054878061793328554,0.007418122971125546
0.032,Sitting,0.1949486369721368,0.005376108409017575,0.010480650065524191
0.033,Sitting,0.23264822607863272,0.005284929311019684,0.012295294291597
0.034,Sitting,0.19119911026606035,0.006065370288643046,0.011596934026227478
0.035,Sitting,0.22882546578132232,0.00528206892441028,0.012086718819172306
0.036,Sitting,0.2232632750430992,0.006005116530509794,0.013407219836170697
0.037,Sitting,0.180369826979041,0.006231051737131636,0.011238937237238858
0.038,Sitting,0.2039811939114694,0.005699891561420603,0.011626706858644842
0.039,Sitting,0.20139604169980038,0.00580734320156912,0.011695759335882667
0.04,Sitting,0.20227034690502496,0.006331065337260524,0.012805867820460651
0.041,Sitting,0.23172033632290706,0.0053810922505865754,0.012469085060905102
0.042,Sitting,0.24266066749312534,0.005023956100238749,0.01219116540740094
0.043,Sitting,0.19696429809928834,0.006294158603242289,0.012397245314132145
0.044,Sitting,0.20561983735470066,0.005688650240089703,0.011696993371350236
0.045,Sitting,0.19583755499285452,0.0057534995326705834,0.011267512811307381
0.046,Sitting,0.18821270486111577,0.006424801048510512,0.012092291835346962
0.047,Sitting,0.20714030971930095,0.005653545202369673,0.01171077104230922
0.048,Sitting,0.21799199750866502,0.006153649760438305,0.01341446403246664
0.049,Sitting,0.2162572423767792,0.006314814420961806,0.01365624352798318
0.05,Sitting,0.18342009978155857,0.005719909479901516,0.010491463675450188
0.051,Sitting,0.21494587210246524,0.006305185132716732,0.01355273517119296
0.052,Sitting,0.19958196812071705,0.0060586636916543915,0.012092000237619128
0.053,Sitting,0.2255532979157685,0.005704214305582085,0.012866043486423446
0.054,Sitting,0.21094194762340077,0.005898903673783053,0.012443262297906313
0.055,Sitting,0.1956463759354556,0.006549388425993595,0.012813641101392648
0.056,Sitting,0.2165083269797606,0.006406754818000319,0.013871157670147698
0.057,Sitting,0.2261095761430866,0.0060105019208163794,0.013590320417229995
0.058,Sitting,0.21363905942589928,0.005844866621703272,0.012486918075305204
0.059,Sitting,0.20648332704976885,0.005934928472816158,0.01225463776869484
0.06,Sitting,0.2019399192998544,0.006297578512718457,0.012717324966428623
0.061,Sitting,0.18363558633533056,0.00704619363784273,0.012939319001175256
0.062,Sitting,0.17987965237000597,0.005392905693606134,0.009700740014300973
0.063,Sitting,0.22316221747000137,0.006395831346981468,0.014273079059565302
0.064,Sitting,0.2124823963410431,0.0063141727546321405,0.013416505578155625
0.065,Sitting,0.19975506454306172,0.005551372814257084,0.011089148348145221
0.066,Sitting,0.20151609116387453,0.005661419144243944,0.011408670563883672
0.067,Sitting,0.21950239466835503,0.005926471309248931,0.013008746443134416
0.068,Sitting,0.18349005606414978,0.005839307079173503,0.010714547833333327
0.069,Sitting,0.2082586290855125,0.005718137723598013,0.011908515232386754
0.07,Sitting,0.1835555920886714,0.006121843605745956,0.01123698627726946
0.071,Sitting,0.20489933142217448,0.005746528412314435,0.011774598296817576
0.072,Sitting,0.19057923388763356,0.006116024968678818,0.011655873529684472
0.073,Sitting,0.17103831317005352,0.0052962681128117224,0.009058647641116597
0.074,Sitting,0.1856311155749513,0.005893276424144077,0.010939754770054249
0.075,Sitting,0.2062181513119601,0.0067376781084747765,0.013894315236647328
0.076,Sitting,0.2171531924640404,0.005920030735018286,0.012855535735944605
0.077,Sitting,0.19961967584194623,0.005498735317681096,0.010976557616561616
0.078,Sitting,0.1996297372801522,0.005855670680539931,0.011689659995552765
0.079,Sitting,0.2064543712067618,0.005586384528223839,0.011533335050936351
0.08,Sitting,0.21038693028482347,0.006766369456501289,0.014235556991262957
0.081,Sitting,0.19782479703086286,0.006200855861049471,0.01226683052129748
0.082,Sitting,0.21380287983422225,0.005799389764057082,0.012399262328365147
0.083,Sitting,0.20448184963620836,0.006006296200390898,0.012281785565188611
0.084,Sitting,0.20195352197097666,0.005613495108072267,0.011336651076420425
0.085,Sitting,0.20049020348517888,0.006248999145622725,0.012528631102846091
0.086,Sitting,0.22902287215590084,0.006479635413042604,0.014839847128181038
0.087,Sitting,0.24306364915023115,0.005616326218555975,0.013651247455003339
0.088,Sitting,0.21744641273441356,0.006091671002869176,0.0132461200713215
0.089,Sitting,0.24379605866435344,0.005595850857322424,0.013642463838887502
0.09,Sitting,0.18320556315638448,0.005700303677277989,0.010443273453581233
0.091,Sitting,0.15752208551380387,0.00573712248915962,0.00903723499340569
0.092,Sitting,0.18481734676892606,0.006075196893238104,0.011228017709070889
0.093,Sitting,0.2068351195155432,0.006938085419607943,0.014350397269736566
0.094,Sitting,0.219008476763721,0.005711548172168799,0.012508774651493035
0.095,Sitting,0.18203170657303286,0.006245959585753253,0.01136962682580858
0.096,Sitting,0.17359533585958717,0.006915729382927177,0.012005383649432587
0.097,Sitting,0.22358880241442575,0.005765412173947648,0.012890816033985055
0.098,Sitting,0.16573730941818246,0.006676936187082707,0.01106617438803986
0.099,Sitting,0.19770920309494766,0.006618908155986731,0.013086190568787862
0.0,Lying Down,0.2681114468241127,0.008700312488523114,0.023326533691198286
0.001,Lying Down,0.3001048739943637,0.009023490296882371,0.027079934185352473
0.002,Lying Down,0.29099869057041516,0.00931142496617375,0.027096124725012334
0.003,Lying Down,0.2786475914123482,0.008928810257489355,0.02487991472427277
0.004,Lying Down,0.302405912634238,0.009257219417029375,0.027994378862621565
0.005,Lying Down,0.31423229756177784,0.008437678954081066,0.02651391243829552
0.006,Lying Down,0.2693177165852876,0.009638838410949256,0.025959099513714154
0.007,Lying Down,0.3066462802395919,0.008625756731721725,0.026450562160340862
0.008,Lying Down,0.3310230395104505,0.00905783731714643,0.029983528401129955
0.009,Lying Down,0.3235859436812766,0.009033759240705055,0.02923197508892998
0.01,Lying Down,0.3412149584976398,0.009877670421221603,0.033704089028304934
0.011,Lying Down,0.2950207170304186,0.009485785475477179,0.027985032325720076
0.012,Lying Down,0.312907518991703,0.009684315778766175,0.03030295223465926
0.013,Lying Down,0.28070153078839793,0.00934302572999922,0.026226016246061704
0.014,Lying Down,0.3211684897369918,0.008120630256788443,0.026080905552852644
0.015,Lying Down,0.27633482974668455,0.007980383911119951,0.022052580293925123
0.016,Lying Down,0.2946118633111089,0.009358771127897982,0.02757205000292233
0.017,Lying Down,0.3300471410419206,0.009037047390209888,0.02982651654599124
0.018,Lying Down,0.33257231091142586,0.008309949270892555,0.027636590325774556
0.019,Lying Down,0.26593235121289693,0.008972226150551692,0.02386005195830051
0.02,Lying Down,0.3076813089787862,0.008983652625952954,0.027641019993639153
0.021,Lying Down,0.2586511579992025,0.008955439980243608,0.023163349212823644
0.022,Lying Down,0.27391060998990296,0.009334836274415021,0.025569106980808914
0.023,Lying Down,0.307331964921937,0.008530060106836324,0.026215601335362354
0.024,Lying Down,0.28972266165326616,0.008470393239055525,0.024540648744689968
0.025,Lying Down,0.2987464180545366,0.00947757116025062,0.028313904359818513
0.026,Lying Down,0.28028547907328916,0.009252023257758923,0.025932077711981732
0.027,Lying Down,0.28939484763255124,0.008603563583868828,0.02489826972450686
0.028,Lying Down,0.2978593928009089,0.008482378838790314,0.025265562104293614
0.029,Lying Down,0.2889270138930564,0.008401061053705576,0.024272934837804058
0.03,Lying Down,0.33929450265832783,0.009017631775985866,0.03059632888589058
0.031,Lying Down,0.28600548984014834,0.009106989955367113,0.026046491231540816
0.032,Lying Down,0.29775343900618345,0.00888951520023339,0.02646883721967233
0.033,Lying Down,0.31228333400086855,0.009378753855023654,0.029288285226202852
0.034,Lying Down,0.2893899770477895,0.008712090879677661,0.025211917797081748
0.035,Lying Down,0.2944989660569672,0.007849039417632209,0.02311533993033065
0.036,Lying Down,0.269696178756029,0.009683437133722264,0.02611585992189129
0.037,Lying Down,0.3328993542700257,0.008875481980221813,0.029546422200510906
0.038,Lying Down,0.31153113926111536,0.00915562507727177,0.028522623109701117
0.039,Lying Down,0.3615776161691048,0.009559787455717289,0.034566051593215685
0.04,Lying Down,0.2974416481703847,0.008522229779699788,0.025348660717606396
0.041,Lying Down,0.2678710735948486,0.009101731817933613,0.0243809067364227
0.042,Lying Down,0.28487298509431397,0.008288873145201164,0.023612760359415504
0.043,Lying Down,0.2870685423151495,0.008459225998192803,0.024283776764156235
0.044,Lying Down,0.33374283270145133,0.009440819878474727,0.03150805969266327
0.045,Lying Down,0.2998405471736677,0.009739972069445013,0.029204385547586337
0.046,Lying Down,0.3015473661529524,0.00856935789933587,0.025840673041667286
0.047,Lying Down,0.3304624815453932,0.009269455021842331,0.030632071090914238
0.048,Lying Down,0.2792550769134709,0.008904830660958197,0.024867191711273152
0.049,Lying Down,0.2824876349323049,0.008308600134517834,0.023470768015981733
0.05,Lying Down,0.3185235509506329,0.009954708320235066,0.03170809042839083
0.051,Lying Down,0.27202864852361724,0.009281484618345286,0.025248297170212094
0.052,Lying Down,0.2869871486175635,0.008756437308117654,0.025129849751051387
0.053,Lying Down,0.2881521215152227,0.008568004615160094,0.024688887070106
0.054,Lying Down,0.3009704325588966,0.008584524941794482,0.02583688185044522
0.055,Lying Down,0.3054091365155968,0.008974880945275432,0.02741010639826853
0.056,Lying Down,0.29522103906267183,0.008546218168979202,0.025230234079023243
0.057,Lying Down,0.2884645733886334,0.009377695612912879,0.027051329643473725
0.058,Lying Down,0.31001834375248766,0.008511222377600726,0.026386350648128873
0.059,Lying Down,0.30198664610858456,0.009375693561685895,0.02831334253635373
0.06,Lying Down,0.2666118943775726,0.009271680096189968,0.024719401945080422
0.061,Lying Down,0.2867475248210831,0.00928529933429658,0.026625366013323954
0.062,Lying Down,0.2847348168691497,0.008097558949667742,0.023056569646207888
0.063,Lying Down,0.2674491512423368,0.009024042473330692,0.024134725002670915
0.064,Lying Down,0.3051944500344297,0.008547841687447797,0.02608753842782002
0.065,Lying Down,0.3127718491755475,0.00816923996886552,0.025551082914208607
0.066,Lying Down,0.2986784040270537,0.008394491900118773,0.02507253443345505
0.067,Lying Down,0.28696327784395687,0.009023699335658207,0.025894703396388153
0.068,Lying Down,0.282791732694321,0.008807722227885088,0.024907510299139093
0.069,Lying Down,0.32012585618428885,0.008711554065238427,0.02788793703830174
0.07,Lying Down,0.3167138422413029,0.008435146572671193,0.026715276808992508
0.071,Lying Down,0.3105960835583057,0.009720784310328951,0.03019237535903198
0.072,Lying Down,0.25056710999745424,0.008601552372264763,0.021552661194101284
0.073,Lying Down,0.3115414425436108,0.008898477306978505,0.027722444566576687
0.074,Lying Down,0.3074229174674262,0.00869800740664209,0.026739668131031936
0.075,Lying Down,0.301731795749458,0.00892216138230396,0.026920997758490408
0.076,Lying Down,0.3233556412331962,0.009127210421650607,0.029513349785631433
0.077,Lying Down,0.30675205324150406,0.008794061516938767,0.02697596426653063
0.078,Lying Down,0.2902478755185502,0.00878372090609019,0.02549456332140553
0.079,Lying Down,0.30788904284756596,0.00878950775958987,0.02706193131201379
0.08,Lying Down,0.3057954971379283,0.01003770039932272,0.03069483583732473
0.081,Lying Down,0.3174224940686339,0.00883698823391608,0.028050588452648142
0.082,Lying Down,0.32402427844327897,0.008795962313489225,0.02850105341842621
0.083,Lying Down,0.25923750929644296,0.008495956844541299,0.02202470691468953
0.084,Lying Down,0.26258416157948294,0.008824243257979347,0.023171065174699117
0.085,Lying Down,0.3003683675837911,0.009838218656137642,0.029550896776764625
0.086,Lying Down,0.3065385474752833,0.008890449735595569,0.02725265548351482
0.087,Lying Down,0.31658811162366984,0.007894432345496059,0.02499283428601416
0.088,Lying Down,0.30471229116217136,0.009385432596943485,0.028598566701627772
0.089,Lying Down,0.2704282750844032,0.009571877021603465,0.025885061922722597
0.09,Lying Down,0.30676992814988835,0.0087923560430496,0.026972304315945623
0.091,Lying Down,0.31265563732212576,0.010135346428902198,0.03168873197208948
0.092,Lying Down,0.30363732510117,0.009124110293150169,0.02770420443340169
0.093,Lying Down,0.29081278200919514,0.008575077815267606,0.024937422354033033
0.094,Lying Down,0.31660671633088494,0.008571958087045568,0.027139395024654712
0.095,Lying Down,0.3014313247443879,0.008761171276617442,0.026408914642232755
0.096,Lying Down,0.3095795965149279,0.009166831052643475,0.028378638585978784
0.097,Lying Down,0.320750798885158,0.008744991800572628,0.028049631062778267
0.098,Lying Down,0.2946025012941326,0.008510618142108847,0.0250724939222449
0.099,Lying Down,0.2911141347984778,0.009188650246522427,0.02674945966482196
0.0,Walking Slow,0.41513977233290705,0.011538917337911188,0.047902635166286844
0.001,Walking Slow,0.4173921184021132,0.012677818929402476,0.0529162169966171
0.002,Walking Slow,0.408268698064474,0.012938397906279034,0.05282342868236658
0.003,Walking Slow,0.3845242160179286,0.011377672648344292,0.04374990655213218
0.004,Walking Slow,0.36442559502191446,0.012748022155744592,0.046457055594597715
0.005,Walking Slow,0.4130873131270812,0.011972207664544772,0.04945567096346248
0.006,Walking Slow,0.40559937252639644,0.011437255476350812,0.04638943644631981
0.007,Walking Slow,0.44891503959233653,0.012064610590987615,0.05415985141119328
0.008,Walking Slow,0.40218789589209786,0.012362883311949346,0.04972202026392438
0.009,Walking Slow,0.40962018463473426,0.012111942012139566,0.04961295923297804
0.01,Walking Slow,0.3841905108910938,0.012235734178567999,0.04700852965191658
0.011,Walking Slow,0.4376404899295007,0.01267271002307749,0.055460910232341266
0.012,Walking Slow,0.431863732532788,0.011744392161784408,0.05071977035317033
0.013,Walking Slow,0.3802079035948284,0.011937106539950176,0.04538582252542572
0.014,Walking Slow,0.4011144982457739,0.012547095759235474,0.050328220199074146
0.015,Walking Slow,0.36615070740570366,0.012764775159730308,0.04673831454610006
0.016,Walking Slow,0.3968398420284202,0.01178655946502629,0.046773763961596146
0.017,Walking Slow,0.3797579124947967,0.011172571664067116,0.04242872492344645
0.018,Walking Slow,0.41646341167923834,0.012036658983594203,0.05012828065527195
0.019,Walking Slow,0.3742007820051789,0.011352460613968192,0.042480996394298906
0.02,Walking Slow,0.39328430601419745,0.012834510762644696,0.05047611658318467
0.021,Walking Slow,0.3948081729727279,0.011248428523440946,0.0444097151415404
0.022,Walking Slow,0.39508513871828116,0.011863638215126164,0.046871471499266223
0.023,Walking Slow,0.3460622671411686,0.011972852566741094,0.04143352503393383
0.024,Walking Slow,0.39538130939582644,0.012348103182406709,0.04882209204814736
0.025,Walking Slow,0.4369791218989069,0.012563282514773878,0.054898921614737806
0.026,Walking Slow,0.3946222261889034,0.011446737045629166,0.04517136855545173
0.027,Walking Slow,0.45146719606499724,0.012029609217007244,0.054309739429599074
0.028,Walking Slow,0.4002785858382589,0.011987937456444999,0.047985146521832986
0.029,Walking Slow,0.40396169521535713,0.011927819794038029,0.048183823042228936
0.03,Walking Slow,0.3885267598623953,0.011726570529379804,0.04556086452077789
0.031,Walking Slow,0.39934493459568005,0.011728287614433118,0.04683632250305118
0.032,Walking Slow,0.3857430843464567,0.012053215113845949,0.04649444374306265
0.033,Walking Slow,0.39490045565158294,0.012751996494291344,0.050357692260630395
0.034,Walking Slow,0.3469806038321398,0.012545753425961231,0.043531330992691644
0.035,Walking Slow,0.4249217038499526,0.010963304883795925,0.04658546191049071
0.036,Walking Slow,0.39314624811839305,0.011814279567002104,0.046447396859886705
0.037,Walking Slow,0.3718497661056436,0.011611091656204563,0.04317581716590857
0.038,Walking Slow,0.37778848309068347,0.012876135221711812,0.04864455593481026
0.039,Walking Slow,0.4187135678629492,0.01263577754749708,0.05290771499635048
0.04,Walking Slow,0.41443344128086473,0.011435474114391386,0.04739242889905472
0.041,Walking Slow,0.38950959467440455,0.01224468728061396,0.047694231795867806
0.042,Walking Slow,0.3755574438221611,0.012356499215086194,0.04640575259808311
0.043,Walking Slow,0.39519349203683735,0.011812589596225201,0.04668258532530251
0.044,Walking Slow,0.41421919936406987,0.01222213165574302,0.05062641588964127
0.045,Walking Slow,0.39278067668361843,0.012579664901682124,0.04941049292535869
0.046,Walking Slow,0.3783787334480021,0.012307967803472132,0.04657073268796574
0.047,Walking Slow,0.4118620251593677,0.011845226780343006,0.04878599090224047
0.048,Walking Slow,0.40652266044484237,0.01137444321180735,0.04623968915542702
0.049,Walking Slow,0.41848054038413807,0.011907548931778505,0.049830775116212346
0.05,Walking Slow,0.38954553958961924,0.012524504612918446,0.04878864907531991
0.051,Walking Slow,0.38591312618914486,0.011295769351818221,0.043591856632717
0.052,Walking Slow,0.36886741652952193,0.01230300497567282,0.04538177660926287
0.053,Walking Slow,0.3743914129500744,0.012877397090992183,0.04821186892015741
0.054,Walking Slow,0.35836141184232556,0.01284822818414502,0.04604309191742568
0.055,Walking Slow,0.4042203493440524,0.011951643444064804,0.04831097488195428
0.056,Walking Slow,0.389101618263821,0.012199568057176036,0.047468716731668144
0.057,Walking Slow,0.39924730595150304,0.012551650941008262,0.05011212823441197
0.058,Walking Slow,0.40228455297324084,0.01207515088073094,0.04857646674139281
0.059,Walking Slow,0.3927277557557229,0.011971527188139467,0.04701551005566632
0.06,Walking Slow,0.40615603537784123,0.011144915803671688,0.0452657481743914
0.061,Walking Slow,0.37303629155788576,0.012371632047011357,0.04615067739335812
0.062,Walking Slow,0.4034173087625589,0.01190800833182366,0.04803896673946429
0.063,Walking Slow,0.4003686786613079,0.012173790852680836,0.048740045579869426
0.064,Walking Slow,0.3892048063938128,0.011610847637298844,0.045189977067429554
0.065,Walking Slow,0.40391690510195366,0.011510813611192484,0.046494122090383116
0.066,Walking Slow,0.40816505511428947,0.01114870819788108,0.045505130960412615
0.067,Walking Slow,0.4205831127465129,0.012236298741206521,0.05146380613072876
0.068,Walking Slow,0.40512059468627754,0.012491345491972757,0.05060501314139755
0.069,Walking Slow,0.4333094888892516,0.012507185032509065,0.05419481953879801
0.07,Walking Slow,0.3631825153733671,0.011360211516632149,0.041258301937839574
0.071,Walking Slow,0.38750362844608643,0.012013045525105417,0.04655098729666371
0.072,Walking Slow,0.41035318040938246,0.011637128093423267,0.04775332523967611
0.073,Walking Slow,0.4037353352895416,0.01162230853382334,0.046923366327416664
0.074,Walking Slow,0.38776964394016106,0.011296669451575888,0.043805054909472764
0.075,Walking Slow,0.3815353350777819,0.011324157697191833,0.04320566301471729
0.076,Walking Slow,0.38048253494045337,0.01252682089830392,0.047662365701317225
0.077,Walking Slow,0.38101202222336117,0.013316191032418696,0.05073628873574435
0.078,Walking Slow,0.4098663580176178,0.012092418061847438,0.0495627535063587
0.079,Walking Slow,0.38283284439637577,0.012350154939704495,0.047280449443030226
0.08,Walking Slow,0.38848724347524455,0.01206100490732268,0.04685546549987186
0.081,Walking Slow,0.4512016907653759,0.011951970050137675,0.053927490945992536
0.082,Walking Slow,0.42298546652571356,0.011648411787437057,0.04927108894192685
0.083,Walking Slow,0.3993002301900608,0.012885400317817755,0.05145143312995711
0.084,Walking Slow,0.3874606588442447,0.012906224278998464,0.05000654162332332
0.085,Walking Slow,0.4141550387091095,0.011718766612052867,0.04853386239837775
0.086,Walking Slow,0.41264815478111044,0.012486277224813365,0.05152439256904639
0.087,Walking Slow,0.41243619924434394,0.011214887640054773,0.04625425633216561
0.088,Walking Slow,0.38545725648350265,0.011876240682224247,0.0457778315070792
0.089,Walking Slow,0.3985113314179991,0.01231033604877534,0.049058084090004506
0.09,Walking Slow,0.4035540200186651,0.01133232782064495,0.04573206448190627
0.091,Walking Slow,0.4076039570201193,0.012305292872641913,0.050156860671803145
0.092,Walking Slow,0.41119580895862085,0.012540390362777312,0.0515655595987911
0.093,Walking Slow,0.4166784430909781,0.012229590039614218,0.05095806537347386
0.094,Walking Slow,0.3985966857708271,0.011169519533242005,0.04452133467602779
0.095,Walking Slow,0.40859236438265173,0.012103843843581557,0.049455381741673916
0.096,Walking Slow,0.4054315767439075,0.011361625712089846,0.04606361826826707
0.097,Walking Slow,0.3783788691918348,0.012526576426666452,0.047397918231671464
0.098,Walking Slow,0.39920889692286693,0.012340750348686312,0.04926537333899548
0.099,Walking Slow,0.40056636752260927,0.012014878069747872,0.04812756064625964
0.0,Walking Normal,0.51876567611952,0.014741977635891312,0.07647631995621999
0.001,Walking Normal,0.5019224155388197,0.014768862355647477,0.07412823068306924
0.002,Walking Normal,0.4913100754513537,0.01484541393826568,0.0729370144211589
0.003,Walking Normal,0.5044426754326743,0.01476062568916826,0.07445889513704299
0.004,Walking Normal,0.5251151225114704,0.014552696348890247,0.0764184092611973
0.005,Walking Normal,0.4962625671167728,0.014780134470862911,0.07334827474841532
0.006,Walking Normal,0.5289395576870747,0.015098277388255787,0.07986076163580777
0.007,Walking Normal,0.5206368907893727,0.014257219813481513,0.07422834594991655
0.008,Walking Normal,0.5053410053173851,0.015444815397811718,0.07804898540071603
0.009,Walking Normal,0.5016456797855084,0.015532740187532675,0.07791932010306515
0.01,Walking Normal,0.48965423099799255,0.01570467372009279,0.07689859933486418
0.011,Walking Normal,0.5459779624723851,0.014818580719780169,0.08090618508118146
0.012,Walking Normal,0.49108994957198454,0.01572669223855885,0.07723220498367986
0.013,Walking Normal,0.5315914429146142,0.014738569986423365,0.07834897685580823
0.014,Walking Normal,0.49159626365808284,0.014859107695569746,0.07304681824435152
0.015,Walking Normal,0.4731109897793145,0.0145406740267579,0.068793526808578
0.016,Walking Normal,0.47991718466495864,0.014616101217447936,0.07014518147055687
0.017,Walking Normal,0.49930630225226436,0.01511710736626826,0.07548066979801872
0.018,Walking Normal,0.5310100098562816,0.014500822979630604,0.07700082153337841
0.019,Walking Normal,0.5196864479695317,0.014893005577887246,0.07739693168362645
0.02,Walking Normal,0.4990107258069513,0.0153374097460833,0.07653531969391637
0.021,Walking Normal,0.47754555956875405,0.015191204873092026,0.07254492431644315
0.022,Walking Normal,0.5033290441642612,0.015246225632004074,0.0767386817446927
0.023,Walking Normal,0.5057833728781563,0.016227650069955447,0.08207675586268516
0.024,Walking Normal,0.4872452003149737,0.014734501522499091,0.07179315145871354
0.025,Walking Normal,0.4875371894715047,0.014722261440419873,0.07177649965327011
0.026,Walking Normal,0.48725225745386963,0.015594508265553775,0.07598459356274107
0.027,Walking Normal,0.5284100849597971,0.014714626853125261,0.07775357225611632
0.028,Walking Normal,0.4833528885379154,0.015235707778193202,0.0736422336350927
0.029,Walking Normal,0.48895553911438056,0.015316465908877756,0.07489070845802354
0.03,Walking Normal,0.504058460417026,0.014242127942501383,0.07178865083759553
0.031,Walking Normal,0.5309501040266013,0.015897938836547762,0.08441012279073579
0.032,Walking Normal,0.48774422619031227,0.014806149220032008,0.07221613794182807
0.033,Walking Normal,0.5057173078144981,0.015167228394993511,0.0767032991092373
0.034,Walking Normal,0.5131708854534566,0.016005102269383176,0.08213352503352492
0.035,Walking Normal,0.49646105545011904,0.014600851377730772,0.07248754085458543
0.036,Walking Normal,0.47241361543970944,0.01463453498002904,0.06913553580194415
0.037,Walking Normal,0.49933746054252404,0.015897278931758893,0.07938106891320655
0.038,Walking Normal,0.48964777401927656,0.015111893975819449,0.07399505246475309
0.039,Walking Normal,0.499671542078545,0.015594196636724041,0.07791976280947961
0.04,Walking Normal,0.5505386485174725,0.014734565613539839,0.08111947839370245
0.041,Walking Normal,0.49021121114963556,0.015522080438534536,0.07609097851336082
0.042,Walking Normal,0.5136378297925263,0.015923353662868015,0.081788368184144
0.043,Walking Normal,0.5116785637065193,0.01482035395460647,0.07583257425115272
0.044,Walking Normal,0.5118130966138462,0.015554351790291453,0.07960920955610191
0.045,Walking Normal,0.5164096436239473,0.015253637015553649,0.07877125255171111
0.046,Walking Normal,0.5213334937917831,0.015584647795222836,0.08124798884597931
0.047,Walking Normal,0.5276431798207506,0.01532435494379482,0.08085791371245739
0.048,Walking Normal,0.4966576383936629,0.015073356843216661,0.07486297812416945
0.049,Walking Normal,0.5241301793301671,0.014591532164506382,0.07647862370084632
0.05,Walking Normal,0.507373466177458,0.014803330593836319,0.07510817154365541
0.051,Walking Normal,0.5005748964586964,0.01563922593130365,0.07828603901256483
0.052,Walking Normal,0.503821981360398,0.015023218274078074,0.07569027597255754
0.053,Walking Normal,0.4728028771804016,0.01537312678301361,0.07268458574267926
0.054,Walking Normal,0.5129096836228215,0.01608162736165273,0.08248422402205412
0.055,Walking Normal,0.49384443530093997,0.015109575163831969,0.07461779614419706
0.056,Walking Normal,0.5049876736742152,0.015788726639881737,0.07973112336151986
0.057,Walking Normal,0.49809408935226096,0.015139510762885168,0.07540900826678042
0.058,Walking Normal,0.5121579301943308,0.015093304561578178,0.0773015562405053
0.059,Walking Normal,0.4910713277089894,0.015097044996449153,0.07413725930888641
0.06,Walking Normal,0.5214726349971954,0.01448674235029447,0.0755443970593352
0.061,Walking Normal,0.5026593934829375,0.014649939592530413,0.0736392975014301
0.062,Walking Normal,0.5239009325784969,0.014238406547608112,0.07459514468723666
0.063,Walking Normal,0.48882156305456825,0.01518860593753226,0.07424518095004415
0.064,Walking Normal,0.5313104805846868,0.014967124869463505,0.07952190307365672
0.065,Walking Normal,0.48889600946613604,0.015940578534720296,0.07793285234206299
0.066,Walking Normal,0.4710397219916751,0.013900597021689958,0.06547733356615144
0.067,Walking Normal,0.5088002890010667,0.014748972887823694,0.07504281667793591
0.068,Walking Normal,0.47957534365738574,0.015354178223649676,0.07363485298183542
0.069,Walking Normal,0.504876014275424,0.014717960684631635,0.0743074532871921
0.07,Walking Normal,0.4743939120265821,0.015436228664140073,0.07322852902918271
0.071,Walking Normal,0.5130040235591732,0.014950412068110309,0.07669621544808208
0.072,Walking Normal,0.5369327399209534,0.014464957616836922,0.07766709326048712
0.073,Walking Normal,0.46948949658150524,0.014654045965059377,0.06879920663017966
0.074,Walking Normal,0.49908827967289005,0.015121669724661346,0.07547048128662856
0.075,Walking Normal,0.4951752788428734,0.015176027698257148,0.07514793747211654
0.076,Walking Normal,0.4749692115161911,0.015721882302036628,0.07467410040548696
0.077,Walking Normal,0.4983569764321486,0.015558647915794064,0.0775376073268748
0.078,Walking Normal,0.5068545069275541,0.01522837660957689,0.07718571317754193
0.079,Walking Normal,0.5113953456046441,0.015223854280008657,0.07785408220959766
0.08,Walking Normal,0.5128544551973508,0.015664576265066215,0.08033647726317887
0.081,Walking Normal,0.5039304233940294,0.015354501878794256,0.07737600632785209
0.082,Walking Normal,0.49820528611425546,0.015720058607724737,0.07831816296394367
0.083,Walking Normal,0.4864721539588146,0.01590047021645541,0.07735135995157041
0.084,Walking Normal,0.49919684098711314,0.014284612448940975,0.07130833409236524
0.085,Walking Normal,0.5025620882982158,0.014659474171262558,0.07367295952863467
0.086,Walking Normal,0.5168128709797745,0.014673688010348804,0.0758355082848986
0.087,Walking Normal,0.4910763313357044,0.014055229634527234,0.06902190605004507
0.088,Walking Normal,0.49095387361501847,0.013788060336685521,0.06769301631933353
0.089,Walking Normal,0.46832194353028556,0.015380207328072147,0.07202888587781489
0.09,Walking Normal,0.5157160031730167,0.015212728780892483,0.0784544768423699
0.091,Walking Normal,0.4806604771374157,0.01497614432192901,0.07198440675457196
0.092,Walking Normal,0.4999279492181886,0.014420817655403729,0.07209369796515433
0.093,Walking Normal,0.530067966035343,0.015438681145287835,0.08183550312950924
0.094,Walking Normal,0.49558071652340674,0.015013442919497265,0.07440372799527722
0.095,Walking Normal,0.5041676561589511,0.013979132565787854,0.07047826500828526
0.096,Walking Normal,0.49505645234958806,0.0146590078760011,0.07257036434057774
0.097,Walking Normal,0.4799675998021017,0.014859449853557022,0.07132054480591456
0.098,Walking Normal,0.5359537305369905,0.015320421430633504,0.08211037019146883
0.099,Walking Normal,0.48857642020434405,0.015286291390678079,0.0746852152585798
0.0,Walking Fast,0.6279871087317201,0.018462316841456387,0.11594096973755141
0.001,Walking Fast,0.6011926073984035,0.017676531611147215,0.10627000129065896
0.002,Walking Fast,0.6139644662722719,0.018196742692710877,0.11172153415224097
0.003,Walking Fast,0.6179038644005548,0.018317585900840986,0.11318507114618763
0.004,Walking Fast,0.6209910543063868,0.017732382394219717,0.11011650838350513
0.005,Walking Fast,0.6263478813126866,0.018098799802346202,0.11336144910502015
0.006,Walking Fast,0.6415052174525054,0.017655406090955218,0.11326035123590517
0.007,Walking Fast,0.634719276063305,0.018098955391731324,0.11487755863741758
0.008,Walking Fast,0.5869716399277112,0.01775805708297284,0.10423475887922475
0.009,Walking Fast,0.5935930538361137,0.018212082973200962,0.10810565948779048
0.01,Walking Fast,0.6104567097607101,0.01771314999803071,0.10813111267295757
0.011,Walking Fast,0.5995129081547804,0.019071135179305934,0.11433391713158642
0.012,Walking Fast,0.6345508634020143,0.01821816183483702,0.11560350321893455
0.013,Walking Fast,0.6007600695633641,0.018060015663359134,0.1084973626623508
0.014,Walking Fast,0.6122703594546084,0.0174886037174008,0.10707753684412188
0.015,Walking Fast,0.5948524692515332,0.017165707963061206,0.10211063768277664
0.016,Walking Fast,0.6079844624521057,0.018323597969851373,0.11140462861888581
0.017,Walking Fast,0.5903362707540126,0.01878699338164502,0.11090643611600637
0.018,Walking Fast,0.5754846867399532,0.017267812559895093,0.09937361701715457
0.019,Walking Fast,0.6044890363711996,0.01852354915130608,0.11197282376647563
0.02,Walking Fast,0.6336785538291575,0.01777055786856553,0.11260821410889962
0.021,Walking Fast,0.621573616668626,0.017980745765249648,0.11176357175705304
0.022,Walking Fast,0.5965474540011837,0.01844182996874334,0.11001426714976567
0.023,Walking Fast,0.6130464575682685,0.017211803921507878,0.10551635422440037
0.024,Walking Fast,0.629530806994518,0.01869004567707373,0.11765959537852629
0.025,Walking Fast,0.5874887459698095,0.01819790176671871,0.10691062488211354
0.026,Walking Fast,0.6098806037256549,0.018130336882911956,0.11057340803899851
0.027,Walking Fast,0.5889938969230917,0.017664188316030976,0.10404099112242429
0.028,Walking Fast,0.5994889185801712,0.018586364509629683,0.11142319560214772
0.029,Walking Fast,0.6108720030918887,0.01781469283395695,0.10882497095945998
0.03,Walking Fast,0.615433974212967,0.016575728689684963,0.10201266582968713
0.031,Walking Fast,0.6229753140074421,0.01713014311061095,0.10671656283325279
0.032,Walking Fast,0.5927511811719375,0.017440165052686932,0.10337678434813724
0.033,Walking Fast,0.574106370485582,0.018580413393689262,0.10667133695572638
0.034,Walking Fast,0.5906459759737622,0.01817325194086536,0.10733958129229489
0.035,Walking Fast,0.5990615884224164,0.018238520413611563,0.10925997009452809
0.036,Walking Fast,0.6015364378212052,0.01735850388790572,0.10441772594636348
0.037,Walking Fast,0.6199253363889429,0.017753121708419344,0.11005609947045705
0.038,Walking Fast,0.568868362026805,0.017785942419517045,0.10117859931293731
0.039,Walking Fast,0.6300151958126863,0.01842511087105675,0.11608099833299272
0.04,Walking Fast,0.5930269573118429,0.017825371147840788,0.10570925614758335
0.041,Walking Fast,0.5935672989756524,0.019038373991780422,0.11300556227189415
0.042,Walking Fast,0.6076387090446311,0.018215020823595537,0.11068151738470666
0.043,Walking Fast,0.620605669080637,0.018119394579513257,0.11244998996354892
0.044,Walking Fast,0.594819157083586,0.01790182507545751,0.1064834850164144
0.045,Walking Fast,0.5985679748117189,0.01798138888174508,0.10763083527248112
0.046,Walking Fast,0.6145525908727397,0.018025972942903652,0.11077908375063344
0.047,Walking Fast,0.6146528015443117,0.017959641709945712,0.11038944091750205
0.048,Walking Fast,0.6015727038063219,0.017000899657733947,0.10227277174242982
0.049,Walking Fast,0.6183265534940497,0.018173244237949,0.11236999475456602
0.05,Walking Fast,0.6199602021971932,0.016551872310903156,0.10261502104609645
0.051,Walking Fast,0.6417674940956146,0.017930205185922414,0.11507022850789622
0.052,Walking Fast,0.6221636563347505,0.017480047036437237,0.1087544997709321
0.053,Walking Fast,0.6122554781012515,0.017473292218413174,0.10698118881187435
0.054,Walking Fast,0.587524620786084,0.018957015676933395,0.11137713446826142
0.055,Walking Fast,0.5961863519847331,0.018108716436589862,0.10796169591456486
0.056,Walking Fast,0.6174013546137752,0.018247840943986304,0.11266241717593854
0.057,Walking Fast,0.6030083781028717,0.018182480501233115,0.10964188076935669
0.058,Walking Fast,0.6480683117047656,0.01797119060148321,0.11646559152427774
0.059,Walking Fast,0.6040219809342995,0.01852532719800381,0.11189704831594316
0.06,Walking Fast,0.6221105186591598,0.018593515152780193,0.11567221355393031
0.061,Walking Fast,0.6127746044405837,0.01742849754363476,0.10679740688294476
0.062,Walking Fast,0.632668630646022,0.01742682730349066,0.11025406966604143
0.063,Walking Fast,0.6060527093047807,0.017622862074990323,0.10680383306252356
0.064,Walking Fast,0.5987172330681403,0.018164381205151743,0.10875328055543382
0.065,Walking Fast,0.6064271443090056,0.018210960377117644,0.11043620696619905
0.066,Walking Fast,0.6322742253811731,0.01822676715075699,0.11524315081447886
0.067,Walking Fast,0.5951168672941871,0.01848204358414418,0.10998975878990515
0.068,Walking Fast,0.623789409778493,0.017386196092431506,0.1084532499879099
0.069,Walking Fast,0.6119480013969972,0.018350586371155452,0.11229604654291556
0.07,Walking Fast,0.5940487299328002,0.01868785340665581,0.11101495581394238
0.071,Walking Fast,0.5969988882593495,0.018062788226735772,0.10783464490225324
0.072,Walking Fast,0.5965385635143227,0.018007789523790736,0.10742340894590394
0.073,Walking Fast,0.578074498262096,0.017279974558702855,0.09989112623003936
0.074,Walking Fast,0.6318901012644995,0.01757651932584084,0.11106428576683001
0.075,Walking Fast,0.580172153010874,0.016923304943198145,0.09818430264954833
0.076,Walking Fast,0.58722076504621,0.017338455103296253,0.10181500870476991
0.077,Walking Fast,0.6328403032027274,0.01850490854467132,0.11710651934148539
0.078,Walking Fast,0.5862369930964456,0.019126217902672157,0.11212496472569931
0.079,Walking Fast,0.6196353097398319,0.01783758430824569,0.11052797077850185
0.08,Walking Fast,0.5500118857025287,0.019145471286295374,0.10530236764838935
0.081,Walking Fast,0.5722085506647282,0.017177300626521556,0.09828998295834226
0.082,Walking Fast,0.6204514086401929,0.019219876203169638,0.11924999264146724
0.083,Walking Fast,0.6276854563702104,0.01828195456002618,0.11475316991349482
0.084,Walking Fast,0.6118950868333058,0.018426707779390157,0.11275211956721892
0.085,Walking Fast,0.6151785717957354,0.01814059571198469,0.11159705761622583
0.086,Walking Fast,0.6020840220790377,0.01796870343605024,0.10818669236322553
0.087,Walking Fast,0.5849207082226666,0.017859662461566617,0.1044648641563732
0.088,Walking Fast,0.5661408637160924,0.017950830186602627,0.10162698506264115
0.089,Walking Fast,0.5802281778569818,0.017448205341392117,0.10123940392110405
0.09,Walking Fast,0.6035978830230696,0.0186960011431723,0.1128486671101569
0.091,Walking Fast,0.6183663321200463,0.017214749698188415,0.10645021629233445
0.092,Walking Fast,0.5802074372685934,0.01847038559399411,0.10716655090854067
0.093,Walking Fast,0.5803502521292339,0.01788768342500149,0.10381121585707533
0.094,Walking Fast,0.6110010419804911,0.017515827772568184,0.10702189020189984
0.095,Walking Fast,0.6021075101229193,0.0173329872525409,0.10436321797619702
0.096,Walking Fast,0.5879726471209759,0.01815989096707127,0.10677519163337194
0.097,Walking Fast,0.5681401253293668,0.0182202373689802,0.10351647942343223
0.098,Walking Fast,0.5996072440214665,0.018276244977208575,0.10958568881845203
0.099,Walking Fast,0.6044782826812933,0.018682070214986923,0.11292905720486636
0.0,Running Slow,0.7025044900529582,0.020785297229437373,0.14601764630765066
0.001,Running Slow,0.7024459500606457,0.021271649014518196,0.14942183701359832
0.002,Running Slow,0.7009772014065142,0.021020295845601944,0.14734748154587027
0.003,Running Slow,0.6859601662438649,0.02066854954122453,0.14177801679317936
0.004,Running Slow,0.6719478945640062,0.02187478837159347,0.14698717990325438
0.005,Running Slow,0.6751227352921744,0.02065354740110205,0.13943679414918594
0.006,Running Slow,0.6856318546886161,0.02144746218847222,0.14705063278646174
0.007,Running Slow,0.6941010064341595,0.021623871036336867,0.1500915064932389
0.008,Running Slow,0.6865301875151227,0.021139497081111902,0.14512902895071145
0.009,Running Slow,0.683293058934805,0.022072574563886695,0.1508203699232471
0.01,Running Slow,0.6762480316194098,0.021154910355113514,0.14305966486730584
0.011,Running Slow,0.712675537618642,0.02120689954872575,0.1511363853711266
0.012,Running Slow,0.6962942468224459,0.020935089650133288,0.1457698248009994
0.013,Running Slow,0.7008762294395823,0.020926498999185757,0.14666885713920505
0.014,Running Slow,0.7192775823358982,0.022105261500795677,0.15899819049195124
0.015,Running Slow,0.6888501642998434,0.02031509851021046,0.13994058946525978
0.016,Running Slow,0.6982343590329749,0.02228985466882716,0.15563542387626697
0.017,Running Slow,0.6839265086406054,0.021819558402722036,0.14922974398453467
0.018,Running Slow,0.7335540162815288,0.020723205879146004,0.1520159090287654
0.019,Running Slow,0.7113796615837056,0.02181419831156427,0.15518177012600431
0.02,Running Slow,0.6924174451802503,0.02089820981994882,0.1447028505236978
0.021,Running Slow,0.6883663817210272,0.02049262163465357,0.14106431806624517
0.022,Running Slow,0.6870144490986799,0.020388029866618872,0.14006871107022598
0.023,Running Slow,0.7006816693651846,0.02061501338447068,0.1444456199221654
0.024,Running Slow,0.704675718235815,0.020222052176898188,0.14249989141957856
0.025,Running Slow,0.7066176046442892,0.021416764480804464,0.15133462816656945
0.026,Running Slow,0.660125287148571,0.021187028284923786,0.1398609313041021
0.027,Running Slow,0.7245533798494659,0.0203951794906544,0.1477739623259015
0.028,Running Slow,0.7334514477367542,0.021209509504683022,0.15556145451996212
0.029,Running Slow,0.6858997628848319,0.02097211546117115,0.1438476902201061
0.03,Running Slow,0.7111665382504345,0.021038002695706208,0.14961523548808695
0.031,Running Slow,0.7107751198489275,0.020539663203460318,0.14599081575096112
0.032,Running Slow,0.7033872164807217,0.020293142751547512,0.14273937193656938
0.033,Running Slow,0.697775478773026,0.020548046179267608,0.14337922760588703
0.034,Running Slow,0.6852894011482047,0.02161804658760522,0.1481461820001397
0.035,Running Slow,0.7218262024118854,0.02130456906045359,0.15378196178928963
0.036,Running Slow,0.6781537447065484,0.0208417957751526,0.14133941851328857
0.037,Running Slow,0.7242619539995837,0.021070858456819955,0.15260821118385073
0.038,Running Slow,0.746386590799634,0.021196658919697187,0.15820901987415437
0.039,Running Slow,0.7038409823298007,0.02084544176789875,0.14671876211016516
0.04,Running Slow,0.7026708180956457,0.02092376508180973,0.14702519127676347
0.041,Running Slow,0.7141621735337719,0.021478351158397295,0.1533902594720262
0.042,Running Slow,0.684280210789841,0.020334383523221113,0.13914416243551214
0.043,Running Slow,0.6632758925379342,0.021253995663456274,0.14097262943676342
0.044,Running Slow,0.6779326678765226,0.01992355470352376,0.13506828593743703
0.045,Running Slow,0.7077715720906194,0.022246499758716398,0.15745440107740288
0.046,Running Slow,0.6998785817692021,0.02141924538722582,0.1499087108417813
0.047,Running Slow,0.7016365871709513,0.02095055517340443,0.14699676031204204
0.048,Running Slow,0.7183815296597554,0.020854862727905675,0.14981748187317098
0.049,Running Slow,0.7053478462814381,0.02116084890309801,0.14925759199287114
0.05,Running Slow,0.6866381909271391,0.021496021174768263,0.14759989091574355
0.051,Running Slow,0.6965008048660919,0.02062212742025358,0.1436332834625772
0.052,Running Slow,0.7107301968714081,0.020550766009104483,0.14606049971509072
0.053,Running Slow,0.7005636231473826,0.0209954405016779,0.14708641867430772
0.054,Running Slow,0.7217179113166317,0.02123734911643998,0.15327375246219174
0.055,Running Slow,0.6994994608250972,0.021408883149600145,0.1497550222001281
0.056,Running Slow,0.7278041509803463,0.02127890515317593,0.15486875498798525
0.057,Running Slow,0.7002070523968676,0.020344081883824923,0.14245069609593564
0.058,Running Slow,0.6786977267384926,0.02084738764782267,0.14149074605013376
0.059,Running Slow,0.6878097559568144,0.02090651434850728,0.1437970453195443
0.06,Running Slow,0.7011329984979422,0.021264846377178365,0.1490948550302917
0.061,Running Slow,0.6985900244388182,0.021243250821913102,0.1484032311084022
0.062,Running Slow,0.7012894882962025,0.020012266716823067,0.14034392285487973
0.063,Running Slow,0.681213292123625,0.020927956222139193,0.14256401955502543
0.064,Running Slow,0.675806105143178,0.021299964364998102,0.14394645957197852
0.065,Running Slow,0.730615016646874,0.02160938092584866,0.1578813820486756
0.066,Running Slow,0.6957311425813959,0.021745363068424978,0.151289262934426
0.067,Running Slow,0.7029733491440423,0.02083145701444098,0.14643959104991727
0.068,Running Slow,0.6877319467291813,0.020848765156755936,0.14338361848155284
0.069,Running Slow,0.6922364636291755,0.021085208111187744,0.1459594989777381
0.07,Running Slow,0.7032114796209974,0.021001523010076708,0.14768512070210466
0.071,Running Slow,0.708738763394927,0.021595323137393173,0.15305442615509893
0.072,Running Slow,0.7189910827088265,0.02025755101577505,0.14564998537861393
0.073,Running Slow,0.648921577301961,0.02146715995561964,0.1393050329859419
0.074,Running Slow,0.6726624260316917,0.02088761729905366,0.14050315326402965
0.075,Running Slow,0.6765977394788129,0.02009900978120999,0.13598944583729228
0.076,Running Slow,0.7108292545640958,0.021379577580151323,0.1519722919419422
0.077,Running Slow,0.6884697919854657,0.019704478853927548,0.13565938457745505
0.078,Running Slow,0.6890751110349504,0.021195902002701276,0.14605568525997312
0.079,Running Slow,0.6704217686245175,0.02109167995988958,0.14140321381971463
0.08,Running Slow,0.6996938030165402,0.021289645749800544,0.14896233199552864
0.081,Running Slow,0.7023916073682831,0.020513465529559224,0.14408486026000972
0.082,Running Slow,0.7239314300332899,0.020920735213486516,0.15145177760447098
0.083,Running Slow,0.6994539092098014,0.020533366020463403,0.1436214313224883
0.084,Running Slow,0.6911343549761698,0.02055759864298655,0.14208062677979494
0.085,Running Slow,0.6965410788015316,0.021855854240071172,0.15223500290508205
0.086,Running Slow,0.6725619771413729,0.020193219301061632,0.13581191497971346
0.087,Running Slow,0.7294234065498723,0.020895338161424068,0.1524154874271749
0.088,Running Slow,0.6866185452268018,0.02151995234369804,0.1477599837158005
0.089,Running Slow,0.6878876892052628,0.021913004856773468,0.150736862744696
0.09,Running Slow,0.7135585174267854,0.02075604429592715,0.14810652195446464
0.091,Running Slow,0.7431461642653101,0.02069714253849833,0.15381002088737417
0.092,Running Slow,0.7148419074401862,0.021149646290203248,0.15118653495774148
0.093,Running Slow,0.7260348257879761,0.021780755598363427,0.15813587096388276
0.094,Running Slow,0.7006400829813154,0.02062329106482691,0.14449504363008148
0.095,Running Slow,0.7091994428587824,0.020661142315123948,0.1465287061871192
0.096,Running Slow,0.7402677449505325,0.02106826766554137,0.15596158994784529
0.097,Running Slow,0.6926935689737579,0.021092340152932456,0.1461052837854328
0.098,Running Slow,0.6730574742094061,0.020514192980744677,0.1380723091306434
0.099,Running Slow,0.7240082781588886,0.020671552860514305,0.1496637539341141
0.0,Running Fast,0.7790617803463612,0.024268326376263645,0.18906525552718512
0.001,Running Fast,0.82371408309326,0.024359476655332533,0.2006524397777891
0.002,Running Fast,0.8199209537161164,0.02362160245571527,0.19367846813793022
0.003,Running Fast,0.7715637866651631,0.024750666825977746,0.19096718218739223
0.004,Running Fast,0.7935464032231573,0.023874583491772478,0.18945589858347017
0.005,Running Fast,0.8265638828369812,0.02427811500470033,0.2006741300624788
0.006,Running Fast,0.8091177554416322,0.025082501172450544,0.20294697049515292
0.007,Running Fast,0.7871296353923972,0.02446392006404062,0.19256276480277043
0.008,Running Fast,0.8011402624979417,0.02413429613943163,0.19334956344347315
0.009,Running Fast,0.8305693685282507,0.024253917878144814,0.2014456125638679
0.01,Running Fast,0.8107659215809927,0.024536253668654903,0.19893158317812007
0.011,Running Fast,0.7927009454091424,0.0235803951663305,0.18692201541471357
0.012,Running Fast,0.7791038161195794,0.023016821705312,0.17932493625552545
0.013,Running Fast,0.8411241425988065,0.02344839581713916,0.19723011827008616
0.014,Running Fast,0.7955749275282846,0.02386159335005554,0.18983685400179834
0.015,Running Fast,0.806148133956182,0.02440786860626965,0.19676357730791955
0.016,Running Fast,0.817209469767195,0.02370846128071553,0.1937477907220961
0.017,Running Fast,0.7966575657242718,0.02414128997524415,0.19232341305121772
0.018,Running Fast,0.7950261774763291,0.024803672788009996,0.1971956916402523
0.019,Running Fast,0.8098194990327651,0.02436743889302491,0.19733227157060945
0.02,Running Fast,0.8132576253733483,0.024586736928742664,0.19995351290348468
0.021,Running Fast,0.8036204311740742,0.02335158402602208,0.18765810023589485
0.022,Running Fast,0.8079937590350529,0.023674321553104085,0.19128704064297142
0.023,Running Fast,0.7894276663650049,0.024293182009377547,0.1917770998224324
0.024,Running Fast,0.8247656614286728,0.024010635788368033,0.19803147907316324
0.025,Running Fast,0.8061766602519793,0.02485110747231762,0.20034382825596025
0.026,Running Fast,0.8048150635897714,0.025300841557090198,0.20362498406644278
0.027,Running Fast,0.811310192912631,0.02311961862042209,0.187571822430011
0.028,Running Fast,0.8150668324220907,0.02419057919244139,0.1971693875683894
0.029,Running Fast,0.825795055081655,0.02433659067563498,0.2009703623748568
0.03,Running Fast,0.7972308803203245,0.023387850881855316,0.1864551694734199
0.031,Running Fast,0.7958195348542796,0.02357473977289535,0.18761238440376263
0.032,Running Fast,0.7883895310039056,0.024294289202210304,0.19153363270203833
0.033,Running Fast,0.8333980900870281,0.024197335764911492,0.20166013411671777
0.034,Running Fast,0.7760823387592963,0.02422230133411007,0.18798500269508567
0.035,Running Fast,0.823932629732913,0.02369510854784031,0.19523173097628893
0.036,Running Fast,0.7973196566665417,0.0240073440973646,0.19141527353186266
0.037,Running Fast,0.7843020337383553,0.02432414021692193,0.19077472641068788
0.038,Running Fast,0.7975810370278444,0.024209766221953515,0.19309250449507365
0.039,Running Fast,0.782250156443958,0.023781270849838294,0.18602902842722144
0.04,Running Fast,0.8144476271565555,0.023813583423954118,0.19394916513734112
0.041,Running Fast,0.8345392770246681,0.0238001819071927,0.19862186601884183
0.042,Running Fast,0.8044936945150377,0.024466295415936545,0.19682980390263122
0.043,Running Fast,0.7716326853413394,0.023119595594009612,0.17839835632211437
0.044,Running Fast,0.7694868737085981,0.02463129205171359,0.18953455916276532
0.045,Running Fast,0.7889628370821511,0.025279099642834126,0.19944270173092804
0.046,Running Fast,0.7887150480268523,0.024092275651598518,0.1900194034762669
0.047,Running Fast,0.8308421990513576,0.025003046444079562,0.2077358609058229
0.048,Running Fast,0.841230071532728,0.024604183115296573,0.20697778722085275
0.049,Running Fast,0.8204812505162293,0.024296263474600593,0.19934628638512084
0.05,Running Fast,0.8155672215233328,0.023724407141835734,0.19348848814955283
0.051,Running Fast,0.7836360223315539,0.023998312771294526,0.1880594236276577
0.052,Running Fast,0.7965963075495015,0.02377338597533636,0.1893779148590205
0.053,Running Fast,0.8139277489491343,0.024477652604285256,0.19923040683764814
0.054,Running Fast,0.801768137725837,0.024738765040527633,0.1983475357618088
0.055,Running Fast,0.77716621771733,0.023903170270360142,0.18576736430469118
0.056,Running Fast,0.7856635535879439,0.02306673169146347,0.18122690390374835
0.057,Running Fast,0.798346386283146,0.023939126245808358,0.19111714929117118
0.058,Running Fast,0.8302689948648426,0.02431540584227739,0.20188327568398368
0.059,Running Fast,0.779516263513416,0.024927046283167095,0.19431037979080398
0.06,Running Fast,0.8244206739105071,0.024291048851734307,0.20026042864339846
0.061,Running Fast,0.7954703180230034,0.02352028038163826,0.18709684915171995
0.062,Running Fast,0.792555864478579,0.024544374309852093,0.1945278779923065
0.063,Running Fast,0.8376917261186922,0.024771621764136095,0.2075098259435853
0.064,Running Fast,0.7902230115642745,0.023440191283355494,0.18522978547575839
0.065,Running Fast,0.8028177249382241,0.023115780317218573,0.18557758164441196
0.066,Running Fast,0.8064633542836956,0.023926198706850667,0.19295602464385012
0.067,Running Fast,0.7906792699626352,0.023202648466366604,0.18345853150586403
0.068,Running Fast,0.8102720021313944,0.023733649580169044,0.19230711763208497
0.069,Running Fast,0.7766016632857943,0.022563868893359176,0.17523138112745332
0.07,Running Fast,0.7994497018989873,0.024886125798334872,0.19895205850899514
0.071,Running Fast,0.8332251842909575,0.023771451871706865,0.19806972366666578
0.072,Running Fast,0.7879557587927645,0.02423438712803751,0.190956248983504
0.073,Running Fast,0.7800322912162342,0.024150895949909733,0.1883847870273296
0.074,Running Fast,0.8153216055676938,0.024613466611942154,0.200678911166355
0.075,Running Fast,0.797996918470401,0.02389816312491152,0.19070660530782363
0.076,Running Fast,0.7824403482648689,0.02358655982298007,0.1845507608226269
0.077,Running Fast,0.7954704221619695,0.02418368275340809,0.19237404329284674
0.078,Running Fast,0.818271692524665,0.02359841052465983,0.19309911320905265
0.079,Running Fast,0.8298537713791905,0.023864438199478717,0.19803994041683032
0.08,Running Fast,0.7995726541130314,0.023626394160426088,0.1889101868597251
0.081,Running Fast,0.7515151947945412,0.024442022698180525,0.18368551449195733
0.082,Running Fast,0.8147368779418487,0.023859336221440895,0.1943908110282162
0.083,Running Fast,0.8013398143444975,0.02425796960885205,0.19438876862731963
0.084,Running Fast,0.7687490828622692,0.023735473661326854,0.18246623608446563
0.085,Running Fast,0.8158852935924366,0.023372855288415376,0.19069568899082315
0.086,Running Fast,0.8058711586433326,0.023321709097688298,0.18794292732096818
0.087,Running Fast,0.8093285996486705,0.02398217925885126,0.19409463556089482
0.088,Running Fast,0.7676973636818899,0.024582369677228585,0.18871820394262018
0.089,Running Fast,0.7853081684640391,0.02359487378149281,0.18529247114484296
0.09,Running Fast,0.8040113839446189,0.02457431867471436,0.19758031967153186
0.091,Running Fast,0.7796835636204321,0.024030839924923986,0.1873645090945689
0.092,Running Fast,0.8085763300066116,0.02434655280363157,0.19686046314272596
0.093,Running Fast,0.8035288311055445,0.02381648608045834,0.1913723322127216
0.094,Running Fast,0.7834481955870256,0.02404307194152319,0.18836501328955385
0.095,Running Fast,0.7785572197602879,0.022539324758252696,0.17548154019059442
0.096,Running Fast,0.8087311960831534,0.0244519674205431,0.19775068858602118
0.097,Running Fast,0.7527413512891633,0.023495134647645032,0.17685759403389162
0.098,Running Fast,0.812383085220104,0.02502874773485585,0.20332931304037888
0.099,Running Fast,0.8004158741535082,0.023635998529385433,0.18918628424389075
0.0,Jumping,0.8963420711779032,0.027687438209574092,0.2481741571037986
0.001,Jumping,0.8870807164175093,0.026600403996674873,0.23596705434365525
0.002,Jumping,0.8903451295563594,0.026523335695870644,0.2361492275640676
0.003,Jumping,0.9024534063198959,0.02781233922923478,0.25099340275147397
0.004,Jumping,0.9064615854623206,0.026873823248936855,0.24360088429665472
0.005,Jumping,0.8941637746216892,0.02621840459565167,0.2344354761780654
0.006,Jumping,0.9176621955429431,0.0269610814014936,0.24741165153106626
0.007,Jumping,0.8963904017281875,0.02859655378392243,0.2563367633441195
0.008,Jumping,0.9059750581673137,0.026624104474952406,0.24120774600347644
0.009,Jumping,0.8914728480758891,0.027574222854598377,0.24581670981668086
0.01,Jumping,0.9022654082107553,0.026280861010841317,0.23712311788076865
0.011,Jumping,0.9183845786915041,0.026665927957230502,0.24489577012419136
0.012,Jumping,0.937465955524351,0.027540024032857324,0.2581783494512618
0.013,Jumping,0.891053562086825,0.027640508180867555,0.24629173272452062
0.014,Jumping,0.9013571102105481,0.027426386837561108,0.24720968783420694
0.015,Jumping,0.9096946563458895,0.026576821672504563,0.24176792658135027
0.016,Jumping,0.8871290033536507,0.02751498040879058,0.2440933714734561
0.017,Jumping,0.8933044933578692,0.026798175768379,0.2393893082768693
0.018,Jumping,0.8808975484130129,0.02721179953279673,0.23970807496347007
0.019,Jumping,0.941250498384863,0.026466233542872863,0.24911355512599262
0.02,Jumping,0.9004843891334552,0.027706110277707714,0.24948919788685775
0.021,Jumping,0.8984071721750857,0.027226185898124866,0.24460200681847555
0.022,Jumping,0.8787521294370624,0.027214153548603823,0.23914495381662795
0.023,Jumping,0.8962571146999091,0.02749286499783993,0.2464067585779814
0.024,Jumping,0.9237477210312951,0.028294781821009307,0.2613724022423507
0.025,Jumping,0.9115926634642715,0.027162898158291083,0.2476149867952532
0.026,Jumping,0.9038876860315468,0.026823416853594656,0.24245356191255268
0.027,Jumping,0.9067696768692338,0.026852299294930486,0.2434885075486007
0.028,Jumping,0.9033692195253923,0.02765879876780398,0.24986107455880963
0.029,Jumping,0.8798691486944072,0.02756993928056452,0.24257939004346804
0.03,Jumping,0.9263423013467973,0.02694096573650446,0.24956556200858754
0.031,Jumping,0.8575629020198281,0.026696089006452782,0.22893575560953278
0.032,Jumping,0.9259398909312222,0.026988565968850558,0.2498978982958758
0.033,Jumping,0.8800139553541018,0.02674761253938589,0.23538272307063945
0.034,Jumping,0.916812400530091,0.02727336678410069,0.25004560871869
0.035,Jumping,0.8952213580166062,0.026816587794092656,0.24006782142399175
0.036,Jumping,0.8921648370191236,0.026538794907750747,0.23676979633557393
0.037,Jumping,0.9323075137893888,0.02683883976539433,0.2502205197466657
0.038,Jumping,0.9243431704165099,0.027760658025961227,0.2566037465256553
0.039,Jumping,0.9199662179629592,0.026784189843640976,0.24640549831656294
0.04,Jumping,0.9080746018067322,0.026987902196804543,0.24507028540962317
0.041,Jumping,0.8819259627853975,0.0271621796408608,0.2395503143111608
0.042,Jumping,0.876419204176804,0.027593839694230782,0.24183771025000048
0.043,Jumping,0.8907076540540322,0.02710057982793642,0.24138693882045276
0.044,Jumping,0.9056657574309228,0.02687054751314796,0.24335734766078748
0.045,Jumping,0.9117338760295055,0.026762548171688737,0.24400321777000128
0.046,Jumping,0.917425945949145,0.026327010159876624,0.24153082199937562
0.047,Jumping,0.9025275915909282,0.027969464499529143,0.25243213432848005
0.048,Jumping,0.8799933735078885,0.026661127514737575,0.23461615543217906
0.049,Jumping,0.9102781569931784,0.027089790890969797,0.2465924492556258
0.05,Jumping,0.9070126019854712,0.027244593565073832,0.2471118969949424
0.051,Jumping,0.9126944293712355,0.027554849920978113,0.2514915802503715
0.052,Jumping,0.9081963731385703,0.02687937117269073,0.24411747411283158
0.053,Jumping,0.9134514740240547,0.027949940967447608,0.2553091477560033
0.054,Jumping,0.8973473250723486,0.026512735347664677,0.23791132144578003
0.055,Jumping,0.9221416133857395,0.0269398094180232,0.24842319321040254
0.056,Jumping,0.8565466090797194,0.02742371083857521,0.23489686527164344
0.057,Jumping,0.8892934362809216,0.026954733358847918,0.23970667452725855
0.058,Jumping,0.9066396066113803,0.02709524983988953,0.24565626655874512
0.059,Jumping,0.9141890363427808,0.026782256814715077,0.24484045548529254
0.06,Jumping,0.9102621159635217,0.02687022666120804,0.24458949377050665
0.061,Jumping,0.9147762096177501,0.027307683742006525,0.24980419426952988
0.062,Jumping,0.8812912259591081,0.027542991058087517,0.242733963561627
0.063,Jumping,0.8892807310977191,0.02740402889914057,0.2436987485445075
0.064,Jumping,0.9073457462680269,0.02791909183839756,0.25332269219236414
0.065,Jumping,0.895530680352563,0.026825341601940902,0.24022916415476048
0.066,Jumping,0.8996116078822454,0.02684841010858286,0.24153141386864158
0.067,Jumping,0.9159988380388411,0.026191844695781705,0.23991699307429826
0.068,Jumping,0.8789263516170729,0.026466098539210402,0.23261751430606142
0.069,Jumping,0.9190061518394715,0.02785530668629096,0.25599198206076557
0.07,Jumping,0.8979110156292506,0.026915589138404996,0.24167803979524854
0.071,Jumping,0.9014010432622637,0.027580939151304096,0.24861487325138526
0.072,Jumping,0.8814529373161886,0.027119184491367392,0.23904284827535416
0.073,Jumping,0.9195039525956487,0.027250547084969923,0.25056985755023675
0.074,Jumping,0.9037916323319749,0.02750052304628357,0.24854742613983724
0.075,Jumping,0.8459353541400153,0.027338937659765455,0.2312697391102549
0.076,Jumping,0.8869184863374515,0.026084683551571772,0.23134988052151456
0.077,Jumping,0.9102240519904996,0.027686829272581478,0.2520121792725829
0.078,Jumping,0.8972510297074462,0.02747643727360147,0.24653261636430976
0.079,Jumping,0.932245565159773,0.027657457226792023,0.2578354184327298
0.08,Jumping,0.9327992905874278,0.027371063745535947,0.255317088444592
0.081,Jumping,0.9015086727780319,0.026199017094051414,0.23618641128547263
0.082,Jumping,0.895078750237401,0.026578376702341904,0.23789740202071047
0.083,Jumping,0.9434188543499563,0.02691205709378383,0.2538934207161816
0.084,Jumping,0.9024640961356898,0.027275742688020233,0.24615378471373828
0.085,Jumping,0.9008720489274491,0.027847525520215376,0.2508705737295585
0.086,Jumping,0.887547012765311,0.02709730372761862,0.24050130977442236
0.087,Jumping,0.8851505882860391,0.026339988744389645,0.23314856532544143
0.088,Jumping,0.8877646181818943,0.026981481601475794,0.23953204711915965
0.089,Jumping,0.8914139555096549,0.026653789510063072,0.23759559936487068
0.09,Jumping,0.8718736507265633,0.026958447213685652,0.2350435979011546
0.091,Jumping,0.8699055925193799,0.0273800279818448,0.23818039464743906
0.092,Jumping,0.9016487950586901,0.026271224250267535,0.2368741768997036
0.093,Jumping,0.8938158184590027,0.026623921797204707,0.2379688245175701
0.094,Jumping,0.9063834902083836,0.02767022522301157,0.25079835312485277
0.095,Jumping,0.8624965506070852,0.027057513039573707,0.23337011664638552
0.096,Jumping,0.8967973440886672,0.02733567003822523,0.24514556289164544
0.097,Jumping,0.9042639325647538,0.02662401533413059,0.24075136806705233
0.098,Jumping,0.8936189212866676,0.026601987071598256,0.2377203899100351
0.099,Jumping,0.921520142771972,0.027010655824335972,0.2489086341160668
0.0,Jumping Jacks,1.0380238137150601,0.029969669593092687,0.31109230726802345
0.001,Jumping Jacks,0.9858318646617907,0.029243142803693584,0.2882882199873627
0.002,Jumping Jacks,0.9639372064748811,0.029207932028497256,0.2815461240645785
0.003,Jumping Jacks,1.0053425330202297,0.030254362511614966,0.30415997442339265
0.004,Jumping Jacks,0.9683761859593574,0.030447519157038055,0.29484652473216977
0.005,Jumping Jacks,0.9903387789663312,0.030073396505992774,0.29782850775115216
0.006,Jumping Jacks,1.0322444125651085,0.030448419657932765,0.3143021106333871
0.007,Jumping Jacks,0.9946293870418833,0.029554403887292354,0.2939567862280585
0.008,Jumping Jacks,0.9569636919734139,0.02964042334037879,0.2836480895146384
0.009,Jumping Jacks,0.9957773952234461,0.029506410236424408,0.29381816327621124
0.01,Jumping Jacks,0.997374860658154,0.030038425941479385,0.2995957088777328
0.011,Jumping Jacks,0.9955028803638384,0.029674998709588268,0.2954154669018831
0.012,Jumping Jacks,1.0033730934393346,0.030220970324784702,0.3032290848151756
0.013,Jumping Jacks,0.9781920184511431,0.030705466189873135,0.3003584194975533
0.014,Jumping Jacks,0.9980282373543148,0.030009424811472424,0.29950253348610667
0.015,Jumping Jacks,1.0141642884651312,0.03011660806563175,0.3054318838986465
0.016,Jumping Jacks,1.0190627326782649,0.03014356208260091,0.30718180748552215
0.017,Jumping Jacks,0.9877512525071912,0.03018075176260305,0.2981107535511978
0.018,Jumping Jacks,0.9771254758535868,0.03005427985288826,0.2936680250269031
0.019,Jumping Jacks,0.9993354001871108,0.02989594157136373,0.2987607273418925
0.02,Jumping Jacks,0.9974292497712214,0.02905907547725118,0.2898437185231994
0.021,Jumping Jacks,0.9890255018451808,0.030046422450570556,0.29716678042827854
0.022,Jumping Jacks,1.003197127839948,0.02948616242953702,0.29580433460333727
0.023,Jumping Jacks,1.025314156817294,0.029566912575892747,0.3031537403744212
0.024,Jumping Jacks,1.0193891440105347,0.03021359718093584,0.3079941296775329
0.025,Jumping Jacks,0.9870754538031239,0.030887655446304754,0.30488446516575796
0.026,Jumping Jacks,0.9761272633648704,0.030459577086805,0.29732423624994275
0.027,Jumping Jacks,1.0200116463608595,0.029664689895461678,0.3025832917905422
0.028,Jumping Jacks,1.0278493060012865,0.029874976742700524,0.3070697411178931
0.029,Jumping Jacks,1.0057738725855971,0.03013016091938561,0.3030412862951768
0.03,Jumping Jacks,0.9973138251705891,0.03040540413657989,0.30323729905310143
0.031,Jumping Jacks,1.0158697744110443,0.029125734013380908,0.2958795284172934
0.032,Jumping Jacks,1.026086804857563,0.02916875400598216,0.2992967359967448
0.033,Jumping Jacks,1.0206509240868331,0.03056335256841379,0.3119451404214322
0.034,Jumping Jacks,0.9781806713956961,0.029794592856022706,0.291444948438657
0.035,Jumping Jacks,0.9778859066302813,0.02989253948485563,0.29231493075629533
0.036,Jumping Jacks,0.9938393143162851,0.03038983026613467,0.3020260807388357
0.037,Jumping Jacks,1.026206174922392,0.030697841905394978,0.31502314920107694
0.038,Jumping Jacks,0.988756639468434,0.029895389063127734,0.2955926442565955
0.039,Jumping Jacks,0.966331236155581,0.029597064966751904,0.2860056837589841
0.04,Jumping Jacks,1.019297032661949,0.030807791411774116,0.31402290368889635
0.041,Jumping Jacks,0.9753130225624016,0.02970376787042355,0.28970471623194743
0.042,Jumping Jacks,0.9994718848608215,0.0301400805794098,0.30124163146559757
0.043,Jumping Jacks,0.983807929601567,0.030212030522232043,0.29722835197136455
0.044,Jumping Jacks,0.9905232130585817,0.02999277386456086,0.29708538736864276
0.045,Jumping Jacks,1.010925684960074,0.030003211134905467,0.3033101676755603
0.046,Jumping Jacks,0.9912722821894686,0.029945195098037083,0.29683841885440104
0.047,Jumping Jacks,0.9982327408158933,0.029814994485058935,0.29762303662231127
0.048,Jumping Jacks,0.9948240787466579,0.030799323585252357,0.3063990871171889
0.049,Jumping Jacks,1.0112183889588249,0.02985225984098542,0.301871541031815
0.05,Jumping Jacks,1.0139390880902148,0.029833090255121993,0.30248936328191467
0.051,Jumping Jacks,1.0234624927517328,0.030184821096099046,0.30893032242278623
0.052,Jumping Jacks,0.9978539571199154,0.030223858462905137,0.3015899676664214
0.053,Jumping Jacks,0.96858247695863,0.029436616265545095,0.2851179069576236
0.054,Jumping Jacks,0.9761214998720189,0.03007147154738185,0.2935340991018911
0.055,Jumping Jacks,1.0346502999897018,0.031115650073096315,0.32193816682503695
0.056,Jumping Jacks,1.0127610220288152,0.03025042223747223,0.30636448542025574
0.057,Jumping Jacks,0.9639788453169452,0.029728663100132988,0.28657802328082677
0.058,Jumping Jacks,0.9842443249618352,0.02968957620087444,0.2922179688623263
0.059,Jumping Jacks,0.9966371236283043,0.029763954711151435,0.2966386221112508
0.06,Jumping Jacks,0.9604140037924842,0.030373955128058766,0.2917157185555218
0.061,Jumping Jacks,0.9785451394852038,0.030119623432055573,0.29473411112562636
0.062,Jumping Jacks,1.0414816533949995,0.02954030770420679,0.3076568850957433
0.063,Jumping Jacks,0.9493942495450735,0.029856997889059943,0.28346062104552905
0.064,Jumping Jacks,1.0220191926999713,0.030979173727110294,0.3166131012309342
0.065,Jumping Jacks,0.9754090081109517,0.03024834961161826,0.29504512691661855
0.066,Jumping Jacks,0.9906937908643989,0.02994702582284793,0.2966833253755126
0.067,Jumping Jacks,1.0528868669403406,0.029248514835802424,0.30795377148126085
0.068,Jumping Jacks,1.0050747932298916,0.030233846585882716,0.3038727710585033
0.069,Jumping Jacks,1.0217157264987868,0.030048991576735448,0.30701527259380185
0.07,Jumping Jacks,1.006161010790082,0.029804175716289103,0.2998779956446666
0.071,Jumping Jacks,1.0053825388249022,0.029828403862251295,0.2998895640412473
0.072,Jumping Jacks,1.012431437797121,0.02981519483197818,0.30185840571940964
0.073,Jumping Jacks,1.0075420078780437,0.02998536859315751,0.3021151847931315
0.074,Jumping Jacks,1.0225210050154434,0.029974303138205757,0.3064935456951571
0.075,Jumping Jacks,0.9645393506358624,0.030630960750356994,0.29544766991501925
0.076,Jumping Jacks,0.9818853539827477,0.02967311683067559,0.29135598823059333
0.077,Jumping Jacks,0.9880867741191302,0.030687219046585407,0.30321635274427705
0.078,Jumping Jacks,0.9572865157204261,0.03156887426683,0.3022045765210991
0.079,Jumping Jacks,1.021121136181321,0.03011161945706458,0.3074761107225736
0.08,Jumping Jacks,0.9989021199876743,0.030142777037428826,0.30109683885003447
0.081,Jumping Jacks,1.0104224485675868,0.030322607792975027,0.30638643613132416
0.082,Jumping Jacks,1.011112089320069,0.03004479034062762,0.3037865073449542
0.083,Jumping Jacks,0.9960532315938535,0.029924363358173243,0.2980625882629716
0.084,Jumping Jacks,0.9961018343929464,0.03056688504843353,0.3044773026842297
0.085,Jumping Jacks,1.0118711344456173,0.028529805682667858,0.28868486841634144
0.086,Jumping Jacks,1.0131180155305952,0.030097368097359387,0.3049218583949059
0.087,Jumping Jacks,0.9996258248710821,0.029805740773455557,0.2979458820655916
0.088,Jumping Jacks,1.0224822543997203,0.030473763231061428,0.31158882128538995
0.089,Jumping Jacks,0.9845424466435279,0.030203526143562268,0.2973665352664455
0.09,Jumping Jacks,0.9805668653091743,0.029310190917605533,0.2874060202968989
0.091,Jumping Jacks,0.9874656555082006,0.03043119673619138,0.30049761633002237
0.092,Jumping Jacks,1.0190625009075218,0.030256542710048646,0.3083330808291742
0.093,Jumping Jacks,1.01450191573696,0.030258089143557477,0.30696889402678773
0.094,Jumping Jacks,0.9871703680955409,0.03021596127233697,0.29828301611573493
0.095,Jumping Jacks,1.0160081905045537,0.030377145664906787,0.3086342879969519
0.096,Jumping Jacks,1.0237782674294928,0.030354151923600532,0.3107592106563536
0.097,Jumping Jacks,1.0070289641508317,0.030535075119158213,0.3074970506751373
0.098,Jumping Jacks,0.9994695748150187,0.02955906267438614,0.2954338380309921
0.099,Jumping Jacks,0.9967386607211247,0.029627548677596774,0.2953092318935774
0.0,Stairs Up,1.0864964345005124,0.03292774066464224,0.3577587282829132
0.001,Stairs Up,1.0841516015800008,0.03284601923518048,0.35610064359348437
0.002,Stairs Up,1.0621277066609243,0.03310664685368647,0.3516348689793912
0.003,Stairs Up,1.1000241095072445,0.032591455684465906,0.3585138701684943
0.004,Stairs Up,1.1131849133686482,0.03346878506881328,0.3725694660738082
0.005,Stairs Up,1.0678488027126205,0.03261863761071689,0.3483177311872088
0.006,Stairs Up,1.084617153004254,0.03253004844944557,0.3528264853632811
0.007,Stairs Up,1.116589496838635,0.0329030869306136,0.36739241280291707
0.008,Stairs Up,1.0947097031737878,0.03199806881779663,0.3502859641766458
0.009,Stairs Up,1.1127083606041845,0.03238037080257326,0.36029909311486896
0.01,Stairs Up,1.1011986526053266,0.0331386884689791,0.3649227909114745
0.011,Stairs Up,1.127213171916773,0.032345589800440444,0.36460374876473295
0.012,Stairs Up,1.0396097568835836,0.03309192477237685,0.3440268786742054
0.013,Stairs Up,1.1360102236302172,0.03361947317646972,0.38192065241531453
0.014,Stairs Up,1.1041931883054925,0.03275418190718398,0.36166944550431557
0.015,Stairs Up,1.1161424519327463,0.03251322690014777,0.3628939279257665
0.016,Stairs Up,1.1095271553871244,0.03325273507958332,0.3689481256169172
0.017,Stairs Up,1.1212041981499776,0.03437983001945554,0.3854680974949618
0.018,Stairs Up,1.1078483193435755,0.03274551818714625,0.3627706728966446
0.019,Stairs Up,1.0994885137561603,0.03211546204755544,0.3531058163525911
0.02,Stairs Up,1.086105737378219,0.03279535878094345,0.3561922733135984
0.021,Stairs Up,1.0895182320413082,0.03307617743601686,0.36037098362773695
0.022,Stairs Up,1.083551601352356,0.033560515333662236,0.3636455013200002
0.023,Stairs Up,1.100004141298364,0.03299534983943069,0.36295021466962074
0.024,Stairs Up,1.0934421056697416,0.03307759534192949,0.3616843550117102
0.025,Stairs Up,1.1165019652933528,0.03256643489214455,0.36360488559677406
0.026,Stairs Up,1.086837670218495,0.03284813698561167,0.35700592672460163
0.027,Stairs Up,1.0730825815305358,0.032590371070139255,0.3497215952098312
0.028,Stairs Up,1.0904755825291068,0.033437194590356364,0.36462444249057957
0.029,Stairs Up,1.1052512265800385,0.033096794955683774,0.36580273220637516
0.03,Stairs Up,1.1170179592433596,0.0329313141058003,0.3678486927766311
0.031,Stairs Up,1.1078092969985778,0.032948389123533754,0.36500531792177515
0.032,Stairs Up,1.1053072469879928,0.03270862067119421,0.36153075466852225
0.033,Stairs Up,1.0512236568344715,0.03293286041890685,0.3461980195958248
0.034,Stairs Up,1.1284549627219989,0.0334631077011208,0.377616099534305
0.035,Stairs Up,1.1193079496918235,0.03361806536090311,0.3762896781171817
0.036,Stairs Up,1.1017731518192289,0.0330986578537028,0.36467212584460407
0.037,Stairs Up,1.0876469620913132,0.032841963571986474,0.35720461908184664
0.038,Stairs Up,1.1123154229954229,0.03360194221858441,0.37375958572332474
0.039,Stairs Up,1.0972110744863801,0.0327749053675743,0.35960989134545623
0.04,Stairs Up,1.100010559177132,0.03330060337446456,0.36631015338880657
0.041,Stairs Up,1.0711229036773293,0.03185190952343138,0.341173098164054
0.042,Stairs Up,1.0889892630101685,0.03238964378704292,0.35271974316813753
0.043,Stairs Up,1.0898371960470539,0.032926109840591265,0.35884099225407295
0.044,Stairs Up,1.0909350318195399,0.033726233767235374,0.3679312990801217
0.045,Stairs Up,1.1065348952920464,0.03315023717980541,0.36681894226662487
0.046,Stairs Up,1.1124441428808682,0.03243058344110962,0.3607721259927167
0.047,Stairs Up,1.1207822357484054,0.032962117856732275,0.3694335614647084
0.048,Stairs Up,1.1134096123448243,0.032464071383479925,0.36145809134215084
0.049,Stairs Up,1.0689248246796788,0.033408944829012514,0.3571165049408526
0.05,Stairs Up,1.1075281905219505,0.03254897422282125,0.3604890652434683
0.051,Stairs Up,1.0826067383745062,0.033562717392207383,0.3633522400696294
0.052,Stairs Up,1.0762117621426535,0.03382133647662798,0.36398920127531403
0.053,Stairs Up,1.0819875853070426,0.03331919596280419,0.3605095638416667
0.054,Stairs Up,1.0934276304850203,0.03330159371554117,0.36412882707759026
0.055,Stairs Up,1.0891177199577162,0.032918603546963854,0.35852234439261266
0.056,Stairs Up,1.1008183835079146,0.03249890627210927,0.3577539346823855
0.057,Stairs Up,1.1148164869084025,0.032743393216764206,0.3650287459537349
0.058,Stairs Up,1.0954280016931996,0.03250282531269574,0.35604504981669444
0.059,Stairs Up,1.0487533268240938,0.032904486118699915,0.3450868928442375
0.06,Stairs Up,1.1482523084322585,0.03339230214394901,0.38342788020656904
0.061,Stairs Up,1.0996147924053121,0.032868554585395865,0.36142748827082744
0.062,Stairs Up,1.1004493178562411,0.03327355955758761,0.366158659177963
0.063,Stairs Up,1.0763837436938233,0.033557160847334434,0.3612038242058963
0.064,Stairs Up,1.114307626308825,0.03335909286285397,0.3717229158382247
0.065,Stairs Up,1.1087695147761947,0.033009808328847,0.3660026916363088
0.066,Stairs Up,1.1134572247193364,0.03329590706687069,0.37073568277190777
0.067,Stairs Up,1.0929191857811795,0.03271319911355155,0.3575288293948036
0.068,Stairs Up,1.1020371259052397,0.033774510075747596,0.3722076401273444
0.069,Stairs Up,1.075217858486922,0.03226623736712378,0.34693234643309534
0.07,Stairs Up,1.1032952168247305,0.03302544385092801,0.3643681423424258
0.071,Stairs Up,1.1034668332874082,0.03312197659895425,0.3654900262986769
0.072,Stairs Up,1.095535954907304,0.03374493171930104,0.3696878599438624
0.073,Stairs Up,1.0679819204304697,0.03258575148760988,0.34800993452407636
0.074,Stairs Up,1.097934904797019,0.03217840559442292,0.35329794682832594
0.075,Stairs Up,1.0964829119113586,0.03383073508286401,0.3709482291576049
0.076,Stairs Up,1.1004177297659192,0.03311535045285934,0.36440718765738284
0.077,Stairs Up,1.0747967046965485,0.032691819295980265,0.3513705964985463
0.078,Stairs Up,1.0924960723935213,0.03284114245162188,0.35878819141313045
0.079,Stairs Up,1.1256328759000755,0.03327884553036256,0.3745976260097639
0.08,Stairs Up,1.0777708408612594,0.033123252389216006,0.35699275579585055
0.081,Stairs Up,1.1099644349699358,0.03357007451926063,0.37261588795669764
0.082,Stairs Up,1.1316108137313676,0.03249245290408607,0.36768811070920976
0.083,Stairs Up,1.0837828497757933,0.032371211070542694,0.35083363384726474
0.084,Stairs Up,1.0953196028178604,0.03323317918722317,0.3640095262772407
0.085,Stairs Up,1.119746690331782,0.03296202448817874,0.36909117827273297
0.086,Stairs Up,1.0936030495349032,0.033075878996124373,0.36171882136209066
0.087,Stairs Up,1.0832971419673996,0.03404476936084739,0.3688060134754527
0.088,Stairs Up,1.067846779457639,0.033092370289447864,0.35337581038206556
0.089,Stairs Up,1.1404721243845928,0.03300339992228,0.3763945762127697
0.09,Stairs Up,1.09619921929997,0.03282127728859479,0.3597865854018545
0.091,Stairs Up,1.096392166364752,0.03368642423733827,0.3693353164665739
0.092,Stairs Up,1.05576276177341,0.033766716850648165,0.3564964223826105
0.093,Stairs Up,1.071520856950997,0.0328666738353828,0.3521732651321829
0.094,Stairs Up,1.091415111594027,0.033294276634885364,0.36337876648905815
0.095,Stairs Up,1.0680375129623252,0.03323108633304097,0.3549204680017739
0.096,Stairs Up,1.1404861924657372,0.0323184129977036,0.3685870378628617
0.097,Stairs Up,1.103794123352208,0.0326690089111017,0.3605986005181497
0.098,Stairs Up,1.1085177441238607,0.03300957388870788,0.36591698381600357
0.099,Stairs Up,1.087170261819114,0.03324393614243554,0.3614181875986955
0.0,Stairs Down,1.236086962195735,0.035904548104136354,0.4438114379505254
0.001,Stairs Down,1.2143951588429638,0.03535336352106442,0.4293295350879607
0.002,Stairs Down,1.18087127246364,0.036236203138940194,0.42790291309931255
0.003,Stairs Down,1.2296823205707195,0.03617780667439283,0.4448720926452624
0.004,Stairs Down,1.1937388393895372,0.035999645702711684,0.4297417527958958
0.005,Stairs Down,1.1749918453206059,0.03630225766317769,0.4265485672096126
0.006,Stairs Down,1.2176466612464683,0.03577395483358346,0.4356003666269486
0.007,Stairs Down,1.1905991570448102,0.036132939114826026,0.4301984685166332
0.008,Stairs Down,1.1912656052791883,0.035966933692687095,0.4284617103545532
0.009,Stairs Down,1.2419944357833306,0.035876487149627004,0.445583974152889
0.01,Stairs Down,1.1928331969595758,0.035676229097182426,0.4255579040945435
0.011,Stairs Down,1.214883839429999,0.035909387913390954,0.436257350598016
0.012,Stairs Down,1.1870125392335718,0.03666065201613651,0.43516653639632563
0.013,Stairs Down,1.228392060090273,0.03569978821713065,0.4385333639282757
0.014,Stairs Down,1.162669200972788,0.03650375684491847,0.42441793803386296
0.015,Stairs Down,1.1863074034848,0.036395312799581386,0.43176029026288504
0.016,Stairs Down,1.1605979236457635,0.03644629866914966,0.42299498559988447
0.017,Stairs Down,1.1757765614143845,0.03636538205953327,0.4275756387247837
0.018,Stairs Down,1.2002854613567289,0.03552303029030168,0.4263777680078381
0.019,Stairs Down,1.1918592737414646,0.036343159228478354,0.4331593136352462
0.02,Stairs Down,1.2021178890623048,0.03629220649023625,0.4362751065545607
0.021,Stairs Down,1.2395288116903098,0.03521787919414448,0.43653575947770795
0.022,Stairs Down,1.2323442514993728,0.03605217796876161,0.444286942738357
0.023,Stairs Down,1.1820243190335376,0.03533484318713051,0.4176664395642477
0.024,Stairs Down,1.1962175921844596,0.03646082505596224,0.43615080357501956
0.025,Stairs Down,1.1974490175924495,0.03675557746512368,0.44012930126655525
0.026,Stairs Down,1.170976486198969,0.035993955526076975,0.4214807556632758
0.027,Stairs Down,1.1749521311117377,0.036181815941312485,0.4251190174773775
0.028,Stairs Down,1.2177377478019462,0.035789619103159476,0.4358237016137093
0.029,Stairs Down,1.1479157228674575,0.03609947407339825,0.4143915387609999
0.03,Stairs Down,1.2087347710346703,0.036202147377480856,0.4375879432128271
0.031,Stairs Down,1.2247156438364433,0.03546447316017548,0.4343389507968458
0.032,Stairs Down,1.2136043221090091,0.03659625375623899,0.444133717315697
0.033,Stairs Down,1.1644282483198698,0.03615982591295949,0.4210552274737886
0.034,Stairs Down,1.1899164033798468,0.03595923866344918,0.4278848793868898
0.035,Stairs Down,1.206953529670767,0.03575638571794323,0.4315629595054098
0.036,Stairs Down,1.186485838416768,0.03601707620874402,0.42733750862852277
0.037,Stairs Down,1.1782550812227441,0.035457087435557415,0.41777493436304647
0.038,Stairs Down,1.2135874656591303,0.03542560298242067,0.42992067742882434
0.039,Stairs Down,1.2133262500181845,0.03623129564642698,0.4396038207997942
0.04,Stairs Down,1.1654838654241881,0.03566121767383218,0.4156257382023131
0.041,Stairs Down,1.2238821880609476,0.035509417234430164,0.4345934326164351
0.042,Stairs Down,1.1907119147538123,0.036231030446625956,0.4314071963660566
0.043,Stairs Down,1.2156678101856522,0.035874230556977756,0.43611147303296355
0.044,Stairs Down,1.1880497961061673,0.03671118493084926,0.4361471577191127
0.045,Stairs Down,1.2347779932759517,0.0364894290253909,0.4505634394775745
0.046,Stairs Down,1.2017063628513007,0.03559586713917954,0.42775780032361577
0.047,Stairs Down,1.183391111868869,0.03626125705263288,0.4291124930127809
0.048,Stairs Down,1.2083679644177738,0.03670079929647322,0.4434807013838461
0.049,Stairs Down,1.213009001850723,0.035248459849120096,0.4275669909835645
0.05,Stairs Down,1.2210389523544585,0.035500969686342795,0.43348066833379395
0.051,Stairs Down,1.192320574560953,0.03612510010312585,0.43072700111030954
0.052,Stairs Down,1.2399133497956796,0.03755495927800268,0.4656489535982864
0.053,Stairs Down,1.2121344611827238,0.03590840169063981,0.43525811135216497
0.054,Stairs Down,1.2106901129696113,0.03644382771293692,0.4412218189082065
0.055,Stairs Down,1.1935866474888563,0.03689760567795616,0.44040489461517485
0.056,Stairs Down,1.2046014151838282,0.0362488715445457,0.43665441961376555
0.057,Stairs Down,1.2133184850410894,0.03621079330530723,0.4393522487533139
0.058,Stairs Down,1.2167788100093924,0.03569137340672654,0.43428506861437594
0.059,Stairs Down,1.1888339649210795,0.03544992288351416,0.42144072377754643
0.06,Stairs Down,1.2087900246124048,0.03638946825175606,0.4398722622367254
0.061,Stairs Down,1.2091554573230379,0.03683724621667377,0.44541957295643525
0.062,Stairs Down,1.1998880796234193,0.03633437082779626,0.43597178436889644
0.063,Stairs Down,1.178165982477214,0.035806450148762804,0.42185941518538517
0.064,Stairs Down,1.2139107551513157,0.036424551055371575,0.4421615427767377
0.065,Stairs Down,1.1941206610467165,0.03596420037407097,0.42945594724702196
0.066,Stairs Down,1.169642525066384,0.035821485399596696,0.4189833263441289
0.067,Stairs Down,1.2178076632703958,0.03628760250805329,0.4419132041601733
0.068,Stairs Down,1.2100133144276244,0.03602488684359048,0.4359059273149304
0.069,Stairs Down,1.2001412631725636,0.03566983943026328,0.4280884615099869
0.07,Stairs Down,1.2139765684040509,0.0362104864721947,0.43958682107756225
0.071,Stairs Down,1.2098403769598562,0.03573698257866621,0.43236044474381347
0.072,Stairs Down,1.1569331416025752,0.036548576355876855,0.42284259264506213
0.073,Stairs Down,1.190423250879832,0.035568612117978446,0.4234170286676769
0.074,Stairs Down,1.21386957823828,0.03580399368004044,0.4346137870763673
0.075,Stairs Down,1.2211987276809326,0.036308502974788354,0.44339897636810893
0.076,Stairs Down,1.2136713864640096,0.03531702214439974,0.4286325923177376
0.077,Stairs Down,1.2242388797077282,0.03613062526561693,0.4423251619831861
0.078,Stairs Down,1.192614457215076,0.03607169423367113,0.4301962403931789
0.079,Stairs Down,1.1644752953420339,0.03620432640574034,0.42159043683983877
0.08,Stairs Down,1.1794125698363587,0.03532366485707824,0.4166117434512492
0.081,Stairs Down,1.1695528162756423,0.03655634418749497,0.4275457529722645
0.082,Stairs Down,1.1874147321261443,0.036766863854958254,0.4365751579545368
0.083,Stairs Down,1.1892839707389542,0.03514632102120353,0.41798956220962913
0.084,Stairs Down,1.177669511201027,0.03661790581000347,0.4312379123647203
0.085,Stairs Down,1.196882036441267,0.0357258563517547,0.42759635703896337
0.086,Stairs Down,1.203200364517056,0.03625089136808378,0.43617085708146597
0.087,Stairs Down,1.2223479763180494,0.03672424961494647,0.4488981219862872
0.088,Stairs Down,1.1928046270842185,0.03533697615695899,0.4215010866718539
0.089,Stairs Down,1.1917306967775347,0.03613014025329145,0.4305739721872507
0.09,Stairs Down,1.180724821475788,0.035521424542552485,0.41941027651570956
0.091,Stairs Down,1.2068757576309979,0.03597567382421478,0.43418168602884866
0.092,Stairs Down,1.200655939908232,0.03562075233264997,0.427682678721962
0.093,Stairs Down,1.1953919857158848,0.03553788342786585,0.42481701038976194
0.094,Stairs Down,1.217803968222496,0.03651762466736188,0.44471308229973
0.095,Stairs Down,1.1630762427552384,0.0355352445699038,0.41330198739752194
0.096,Stairs Down,1.1700694148981985,0.035674988032796555,0.417422123740345
0.097,Stairs Down,1.198331240604193,0.035275177390150736,0.4227134708447231
0.098,Stairs Down,1.181562803737494,0.03549802131395925,0.41943141590855015
0.099,Stairs Down,1.204145346587979,0.03603467216851813,0.43390982807544465
0.0,Squatting,1.285565248933255,0.0390884104360697,0.5025070209265118
0.001,Squatting,1.2890663983082546,0.038864172444836975,0.5009849879669691
0.002,Squatting,1.3334690418059707,0.039670230525895175,0.528990242875874
0.003,Squatting,1.2740083752614482,0.03941486620893959,0.5021486965999848
0.004,Squatting,1.316227931089832,0.03842586835562369,0.5057720120605281
0.005,Squatting,1.3163755528750973,0.03976896595920627,0.5235089455182108
0.006,Squatting,1.2775491038751117,0.03854124858949287,0.4923833759773453
0.007,Squatting,1.32035322933687,0.03913574765541283,0.5167301079933716
0.008,Squatting,1.3110295255047906,0.03917029460820025,0.5135341275407163
0.009,Squatting,1.3078139184185629,0.03833676393584446,0.501373534624242
0.01,Squatting,1.3209463541324291,0.03958479499621389,0.5228939062932836
0.011,Squatting,1.2954121851186395,0.038978261525093066,0.5049291493434661
0.012,Squatting,1.2693778499488857,0.03925712737800892,0.498321279462665
0.013,Squatting,1.311441148834283,0.038968904491500346,0.5110542487514667
0.014,Squatting,1.32248706719741,0.03883296138451003,0.5135608921199094
0.015,Squatting,1.311292118517872,0.03849016783065394,0.5047185371676666
0.016,Squatting,1.2995289569825152,0.03891282287104858,0.5056834011885912
0.017,Squatting,1.3045061584408189,0.038815236535583324,0.5063471510200552
0.018,Squatting,1.2973705480865667,0.039413023585720755,0.5113329601115532
0.019,Squatting,1.2912647152552357,0.03819671144963066,0.4932206573369374
0.02,Squatting,1.3349916780841085,0.039690727039345244,0.529867902946338
0.021,Squatting,1.2741547460978877,0.039344853902622594,0.5013143233455457
0.022,Squatting,1.2899405045889731,0.03913174360766553,0.5047762109471841
0.023,Squatting,1.30588448258027,0.03888279609984184,0.507764400661161
0.024,Squatting,1.284324686688272,0.03865472947384187,0.49645223320511866
0.025,Squatting,1.2816761616903751,0.03858408889588478,0.4945230695839783
0.026,Squatting,1.298656434199013,0.038642120005444626,0.5018283777616106
0.027,Squatting,1.3136410413142525,0.03974362307766796,0.522088544053489
0.028,Squatting,1.2883989351725993,0.03911970225026769,0.5040178272351402
0.029,Squatting,1.3099937022060588,0.039236001135459636,0.513989143872019
0.03,Squatting,1.3015191053583217,0.03937134120917986,0.5124255278732899
0.031,Squatting,1.309644979053613,0.03838116878883635,0.5026570499450876
0.032,Squatting,1.3173831212877856,0.03944364541863337,0.519623927165679
0.033,Squatting,1.2847342779164284,0.0390189689177238,0.5012900685755545
0.034,Squatting,1.3136665798562215,0.03889534309021032,0.510955123296509
0.035,Squatting,1.3214595609553204,0.04018193624730968,0.5309880383170452
0.036,Squatting,1.2842802793473005,0.03830947769842311,0.49200106720180015
0.037,Squatting,1.3060763719120976,0.03936078125256307,0.5140818637397329
0.038,Squatting,1.2953826725231046,0.03972663033166052,0.5146118856936384
0.039,Squatting,1.273227884005535,0.039346459311515807,0.5009700913231115
0.04,Squatting,1.287882783584822,0.03985968895310365,0.5133460716174831
0.041,Squatting,1.3398503070633625,0.03861667170610832,0.517405594431943
0.042,Squatting,1.2890088572818283,0.0394297939434899,0.5082535363395588
0.043,Squatting,1.2922573870042098,0.03897729439103388,0.5036869660225128
0.044,Squatting,1.3005077684108481,0.03804016342190117,0.4947152804180066
0.045,Squatting,1.2997232450781153,0.03865513611296791,0.502409789476829
0.046,Squatting,1.2901375435520046,0.039721816001734404,0.5124660612190234
0.047,Squatting,1.274869862114415,0.03940660259337399,0.5023829001461224
0.048,Squatting,1.294420741393364,0.038860119915752084,0.5030134523198284
0.049,Squatting,1.3158074379210343,0.039170025647284445,0.5154021109025455
0.05,Squatting,1.3114122599443907,0.03948409233026643,0.5177992275468769
0.051,Squatting,1.2933738323363335,0.038693881632746126,0.5004565397531333
0.052,Squatting,1.278296989468844,0.03858729473501052,0.49326022691510923
0.053,Squatting,1.3589818885061746,0.039622339790368395,0.5384604215534818
0.054,Squatting,1.2729785126758397,0.038338771021628214,0.48804431712931867
0.055,Squatting,1.30963732123437,0.03927363239868898,0.5143421472976241
0.056,Squatting,1.3109776767063472,0.03887252210322315,0.5096100871459962
0.057,Squatting,1.297490914799942,0.03916393976207968,0.5081485602907059
0.058,Squatting,1.3017178601258665,0.03789034981362623,0.4932254507881407
0.059,Squatting,1.2954040073884963,0.038574296782869846,0.49969298634722775
0.06,Squatting,1.3035042283781704,0.040492629501301704,0.5278231377309741
0.061,Squatting,1.307349633309486,0.0388432351569138,0.5078168923894539
0.062,Squatting,1.318436030039545,0.03924134394360461,0.517372017224224
0.063,Squatting,1.3084018898090368,0.03930342529660784,0.5142467593405
0.064,Squatting,1.3411308712965908,0.038434555782337045,0.5154576928426311
0.065,Squatting,1.3094726415362292,0.03853680943500923,0.5046289764723981
0.066,Squatting,1.311110252926845,0.038540656744256954,0.5053105021192945
0.067,Squatting,1.2916526637278984,0.03885245504288105,0.5018387704850572
0.068,Squatting,1.3195163343868943,0.039459227221971205,0.52067094861675
0.069,Squatting,1.2750856524710723,0.03902746705549993,0.497633632947554
0.07,Squatting,1.2858084029050165,0.03837074754466233,0.49337429618673856
0.071,Squatting,1.2956596589915126,0.03884575860577209,0.5033088234842129
0.072,Squatting,1.3485343297269106,0.039216479912680346,0.5288476945329524
0.073,Squatting,1.2724476499849153,0.03871761299791453,0.49266135672221756
0.074,Squatting,1.320427665908588,0.040044221386434965,0.5287549777841709
0.075,Squatting,1.2682803337552409,0.038060037807430475,0.48270797453145003
0.076,Squatting,1.3374193035074358,0.03919480708868545,0.5241989159765801
0.077,Squatting,1.2826341453624728,0.03926731454306122,0.5036559842961873
0.078,Squatting,1.2472850452196624,0.03900168775329858,0.48646221873016177
0.079,Squatting,1.3065564234568618,0.039462135069768915,0.5155950605872888
0.08,Squatting,1.2797220809541492,0.03904284358070168,0.49963989033462897
0.081,Squatting,1.2814915074788082,0.039127691877837156,0.5014180484869586
0.082,Squatting,1.2820930735527396,0.03879594958041989,0.49740018238957656
0.083,Squatting,1.2800836921041954,0.03932556812091183,0.5034001843431186
0.084,Squatting,1.3171690223331334,0.03888268971502129,0.5121507439761718
0.085,Squatting,1.3007647598992007,0.038275704292683226,0.49787687304244904
0.086,Squatting,1.2940064670398643,0.038974897691479125,0.5043376966499107
0.087,Squatting,1.3524158618205995,0.03844401648711292,0.5199229768926416
0.088,Squatting,1.3292835447750488,0.039498429386732904,0.5250461222824327
0.089,Squatting,1.3056127280898027,0.039879310242097565,0.5206693503952462
0.09,Squatting,1.3074421094521373,0.03919457959783396,0.5124464382848174
0.091,Squatting,1.2989375869396491,0.039611784441209316,0.5145323569643796
0.092,Squatting,1.3219293846762177,0.038687161356251894,0.5114169540653961
0.093,Squatting,1.2736150561080246,0.03889850968130217,0.495417275902702
0.094,Squatting,1.2839992287120472,0.038968237712692325,0.5003518716736465
0.095,Squatting,1.324748762693683,0.03877134917245661,0.5136229684417664
0.096,Squatting,1.2991435323737686,0.0390290113674042,0.5070428769290546
0.097,Squatting,1.3169686176441058,0.0378765553330077,0.4988223471803163
0.098,Squatting,1.2878659941046942,0.03910564184613974,0.5036282631128088
0.099,Squatting,1.3240015791285373,0.0387540487762469,0.5131042177737526
0.0,Cycling,1.3624689458791626,0.04230985572298307,0.576458645271922
0.001,Cycling,1.3872927522234875,0.041405166670454824,0.5744108762652749
0.002,Cycling,1.3875130922057357,0.041907737321172076,0.5814753419784517
0.003,Cycling,1.3879051067092358,0.04089721697145047,0.5676145628487174
0.004,Cycling,1.4179413239377427,0.042637437520639365,0.6045738460732817
0.005,Cycling,1.4130304398267903,0.041431157164787596,0.5854348623109269
0.006,Cycling,1.3959701693210498,0.04199673934238527,0.5862619533072156
0.007,Cycling,1.4119758877912383,0.042334170244359044,0.5977482761468429
0.008,Cycling,1.3853165240244303,0.04204099777820678,0.5824008890862421
0.009,Cycling,1.409145608092305,0.042727911161073384,0.6020984835558474
0.01,Cycling,1.4140901307964946,0.04239452834368776,0.5994968413058112
0.011,Cycling,1.4016765325585874,0.042705229572601755,0.5985891810944287
0.012,Cycling,1.4081952559191901,0.04156945604491322,0.5853791079358809
0.013,Cycling,1.428067399402504,0.04234895163626952,0.6047715723062983
0.014,Cycling,1.3911391195774305,0.04176025351630038,0.580943223099964
0.015,Cycling,1.4059315109028154,0.04223159239763379,0.5937472650743713
0.016,Cycling,1.4039458453126243,0.04215565433672144,0.5918425576247519
0.017,Cycling,1.4339991474915277,0.042535771576117445,0.6099626017804677
0.018,Cycling,1.4038127118253005,0.04247065529038374,0.5962084577619114
0.019,Cycling,1.3793495219294494,0.042198963524973404,0.5820712016409034
0.02,Cycling,1.4361861269946623,0.04189097705230382,0.6016324008877049
0.021,Cycling,1.3830473214276184,0.041673955555703475,0.5763705260460931
0.022,Cycling,1.3782073392531524,0.04160761904593615,0.5734392593795845
0.023,Cycling,1.3925898380281996,0.04129721649041068,0.575100840233965
0.024,Cycling,1.4003123666789923,0.042451138586893325,0.5944485434283049
0.025,Cycling,1.3818448763970617,0.04275964196182089,0.5908719216151499
0.026,Cycling,1.410215841770552,0.04251529029281203,0.5995573588839729
0.027,Cycling,1.3868433089229575,0.04242726261353331,0.5883996527149582
0.028,Cycling,1.3781613219920938,0.04244512375041826,0.5849622785999444
0.029,Cycling,1.4034367867958708,0.042276625609992395,0.5933257160265974
0.03,Cycling,1.376488107887503,0.0415524650788617,0.5719647403446388
0.031,Cycling,1.4119445643650679,0.0415258259978879,0.5863216429848744
0.032,Cycling,1.4092641258419827,0.04131643109676988,0.5822576415249991
0.033,Cycling,1.4169634842533334,0.041383738342615745,0.5863924607338107
0.034,Cycling,1.4110459987535906,0.042312815466823,0.5970532896045964
0.035,Cycling,1.3860645636314086,0.042291013283542365,0.5861807487238325
0.036,Cycling,1.4052088452666713,0.04173057907190363,0.5864017882993923
0.037,Cycling,1.3798289063184759,0.041018687154163715,0.5659877023454943
0.038,Cycling,1.406993000945994,0.04121759861431897,0.579928727661481
0.039,Cycling,1.4019068839888262,0.04186827589195888,0.5869542419368057
0.04,Cycling,1.413582855508764,0.04184897725025507,0.5915699676153686
0.041,Cycling,1.3934110442730583,0.04236593535214415,0.5903316222063605
0.042,Cycling,1.4067011605816824,0.04215807797859139,0.5930381722037757
0.043,Cycling,1.4093853517961707,0.04123221393839645,0.5811207834690185
0.044,Cycling,1.4151357735997399,0.0423062343970068,0.5986906574150015
0.045,Cycling,1.3796663374284701,0.0418779597631629,0.577776113654198
0.046,Cycling,1.3992138542474475,0.041932751607799135,0.5867288699634947
0.047,Cycling,1.406677199331371,0.042715683390915596,0.6008717787985871
0.048,Cycling,1.4216353345534567,0.0413438904032843,0.5877593546521452
0.049,Cycling,1.4124413998061212,0.04266446665976771,0.602610590109039
0.05,Cycling,1.4077361704137843,0.04254549021259298,0.5989282546025279
0.051,Cycling,1.4402454089140155,0.04251185477305349,0.6122750366130967
0.052,Cycling,1.4049861719128347,0.04252254423704238,0.5974358664759635
0.053,Cycling,1.402897756661938,0.04201195152164248,0.5893847254270232
0.054,Cycling,1.3929717152857255,0.042781706679416054,0.5959370733607696
0.055,Cycling,1.38363142668116,0.04276618386233906,0.59172635991157
0.056,Cycling,1.4099972824748075,0.04130034691259903,0.5823337691203144
0.057,Cycling,1.4073529858598286,0.04094998674617419,0.5763108611814866
0.058,Cycling,1.4125101603366208,0.0424426157414945,0.5995062596612398
0.059,Cycling,1.388152880886959,0.042061773847977796,0.5838817254228613
0.06,Cycling,1.4390831486750058,0.04174712664786903,0.600775864645496
0.061,Cycling,1.378821848258868,0.0427408317012313,0.5893199256241297
0.062,Cycling,1.439251743810616,0.04200184783592393,0.6045123274112166
0.063,Cycling,1.4202292607081672,0.042670737957765444,0.6060223062362915
0.064,Cycling,1.3851503153492324,0.04175734708231607,0.5784020247921746
0.065,Cycling,1.4246174902630948,0.04284250713935426,0.610341849974456
0.066,Cycling,1.4112576172034872,0.041560092823248976,0.586519975684941
0.067,Cycling,1.439741222233989,0.04173451455109402,0.600869009891343
0.068,Cycling,1.393297244376571,0.04217116891724482,0.5875697344453611
0.069,Cycling,1.4310832084142957,0.04242698798827611,0.6071655009361696
0.07,Cycling,1.4082973100072382,0.04223164426505906,0.5947471101566528
0.071,Cycling,1.4008702933728694,0.04227906975725926,0.5922749285438379
0.072,Cycling,1.349408798446114,0.0418516962704651,0.5647504717726003
0.073,Cycling,1.4048264386983358,0.04142449295819025,0.5819422291733869
0.074,Cycling,1.4077264663562314,0.041897764389506945,0.5898059181226656
0.075,Cycling,1.43510951396631,0.04278650986260743,0.6140332737324127
0.076,Cycling,1.390683888617637,0.041924581144216655,0.5830383953430487
0.077,Cycling,1.3985210486878323,0.04177417026192019,0.5842205640276469
0.078,Cycling,1.4039004996805626,0.04162085896555621,0.5843154469887859
0.079,Cycling,1.3773876933012497,0.04231135561195014,0.5827914050679288
0.08,Cycling,1.4125905916844363,0.04159784212017001,0.5876072041332672
0.081,Cycling,1.4179071086152522,0.041684211135417336,0.591043392859273
0.082,Cycling,1.4050633047607597,0.04241017200630623,0.595889764346529
0.083,Cycling,1.399327748705926,0.04222737045607057,0.5908993123406435
0.084,Cycling,1.3896714071222487,0.04190176670828595,0.5822968710241193
0.085,Cycling,1.3958828113823933,0.04162671082672988,0.5810601013741762
0.086,Cycling,1.3964645167376846,0.04122569085056813,0.575702144508158
0.087,Cycling,1.390176925057158,0.04185756225331517,0.5818941718370225
0.088,Cycling,1.3948764049500926,0.041879251277064614,0.5841637946335346
0.089,Cycling,1.3987647160027976,0.04223972075904303,0.5908343101156031
0.09,Cycling,1.4174903414826505,0.041675117386575866,0.5907407637562697
0.091,Cycling,1.3759359828922173,0.04147897779387845,0.5707241808018461
0.092,Cycling,1.3902559415761016,0.041824039341091745,0.5814611919466541
0.093,Cycling,1.384600078676051,0.04135194166787506,0.5725590168674728
0.094,Cycling,1.3908775834505163,0.04209071331005699,0.5854302961440054
0.095,Cycling,1.4119005893167114,0.04172128847344584,0.589063117827107
0.096,Cycling,1.3917400435571314,0.041536650845576346,0.5780822025703979
0.097,Cycling,1.3993712165925045,0.0415757856829046,0.5817995779187544
0.098,Cycling,1.4114625562648242,0.041107066754032945,0.580210855211961
0.099,Cycling,1.3928074065509508,0.04215055366959587,0.5870760334123649
0.0,Bending,1.50367669032645,0.046346516831990245,0.696901770380862
0.001,Bending,1.506996000491358,0.04449797270157899,0.6705826689125317
0.002,Bending,1.4980907150582186,0.04411187683326677,0.6608359310770868
0.003,Bending,1.4983880050140648,0.044583471971499616,0.6680333962397578
0.004,Bending,1.5183078055112031,0.044725229862702234,0.6790666560382357
0.005,Bending,1.497664681684095,0.0446822210792978,0.6691898440966491
0.006,Bending,1.5347770270370666,0.04483937861694104,0.6881844820789819
0.007,Bending,1.536651140869584,0.045407075881059134,0.697748349561813
0.008,Bending,1.5096413345467077,0.045184366573658756,0.6821218745490586
0.009,Bending,1.507875945964325,0.044036163710327196,0.6640107201134949
0.01,Bending,1.494422332116985,0.04542257898559216,0.6788051641841659
0.011,Bending,1.4990220563305179,0.04429740507659821,0.6640278724802817
0.012,Bending,1.4989519109884506,0.045852052758127745,0.6873002210453883
0.013,Bending,1.5249378343106943,0.044968997995316985,0.6857492641410063
0.014,Bending,1.5190289855411618,0.04481674648981597,0.6807793695568058
0.015,Bending,1.4659225682634656,0.044537767005935223,0.6528891779406041
0.016,Bending,1.531257775370164,0.044863003459085345,0.6869682287318299
0.017,Bending,1.4951323204124995,0.04485008090186256,0.670568055294901
0.018,Bending,1.53808273179146,0.04581297945768103,0.7046415259577609
0.019,Bending,1.5443756046689627,0.04492047739479997,0.6937408943861267
0.02,Bending,1.5059124897749419,0.044241678725289606,0.6662409656102395
0.021,Bending,1.5295386885223654,0.04441611022436603,0.6793615898184163
0.022,Bending,1.5043355112752526,0.044451348736183574,0.6686974242792126
0.023,Bending,1.488222663465226,0.04458136878447515,0.6634700339335708
0.024,Bending,1.4878424947864837,0.04473043864842551,0.6655184743156717
0.025,Bending,1.4890346241014984,0.04541666695589015,0.6762698960860685
0.026,Bending,1.4779027441387496,0.045110270713506935,0.6666859287633377
0.027,Bending,1.5243591830461112,0.0447434018177433,0.6820501544159906
0.028,Bending,1.485641622185048,0.04488473768740987,0.6668263450927396
0.029,Bending,1.5235945041672143,0.04509705381547668,0.6870962334739338
0.03,Bending,1.489375714107848,0.04524193832559402,0.6738224420130481
0.031,Bending,1.4779541570032715,0.04534067975522147,0.6701144612558364
0.032,Bending,1.5081721461540354,0.044846095764430556,0.6763563249567063
0.033,Bending,1.4832282840310553,0.04455665953885827,0.660876976699767
0.034,Bending,1.510696346726918,0.04561449025124453,0.6890964378036574
0.035,Bending,1.4872538450594242,0.04522919335177574,0.6726729172136461
0.036,Bending,1.4582594596279586,0.0447076911346714,0.6519541351525959
0.037,Bending,1.499378821342582,0.04454515829150908,0.6679006693564162
0.038,Bending,1.4812698725042082,0.04466611022176555,0.6616256339345357
0.039,Bending,1.5058438545665274,0.04490633549079681,0.6762192932991912
0.04,Bending,1.4552353753335006,0.04393964992368247,0.6394253294871267
0.041,Bending,1.4878626964428565,0.045228843293026774,0.6729430873895423
0.042,Bending,1.4450499031454953,0.044750134911924186,0.6466617812022389
0.043,Bending,1.4894750428696515,0.04569416888910422,0.6806032416499161
0.044,Bending,1.4922995637657428,0.04519149449237046,0.6743924751688641
0.045,Bending,1.5028251428017492,0.0439347167600964,0.6602619698894628
0.046,Bending,1.5153641443326347,0.045107698252728146,0.6835458856556007
0.047,Bending,1.5101653727934918,0.04696311885321816,0.7092207589051527
0.048,Bending,1.4583177412100283,0.04586234832488055,0.6688187621572733
0.049,Bending,1.494251049611993,0.045143664452201505,0.6745596799103372
0.05,Bending,1.4990897550939752,0.04478788183330098,0.6714105480866106
0.051,Bending,1.4886033414352249,0.045164754367786504,0.6723240426698817
0.052,Bending,1.4696565260665664,0.04537528958376088,0.6668609045893447
0.053,Bending,1.491676111902295,0.04443496533047982,0.6628257631668342
0.054,Bending,1.4909997428400836,0.04562857460843128,0.6803219300733061
0.055,Bending,1.4892932982596756,0.04517922680910481,0.6728511970735365
0.056,Bending,1.4853808744856905,0.04537896092496181,0.6740504066197175
0.057,Bending,1.513710154775804,0.0459243044166482,0.695160859464957
0.058,Bending,1.4964887210900157,0.04533432740237895,0.6784230963586213
0.059,Bending,1.501961350790779,0.0456479358909315,0.6856143545155436
0.06,Bending,1.4856233522478255,0.04537250265643864,0.6740644949633174
0.061,Bending,1.4961060540776663,0.04496790591144575,0.6727675627330886
0.062,Bending,1.5018350496889674,0.04512612019821334,0.6777198897015404
0.063,Bending,1.4976754191375607,0.04510735659158526,0.6755617918948987
0.064,Bending,1.5315623611512437,0.04549272484280761,0.6967494507545425
0.065,Bending,1.517383091849938,0.044772230236988064,0.6793662514601823
0.066,Bending,1.4822151834354336,0.045477650279118875,0.6740766375067668
0.067,Bending,1.5175209358505959,0.04573633533787549,0.6940584640430949
0.068,Bending,1.4879203874806155,0.044885225672319826,0.6678564237451299
0.069,Bending,1.4672103167494912,0.04480376444696956,0.657365454258078
0.07,Bending,1.5199314102115888,0.0447667523103859,0.6804239296971775
0.071,Bending,1.5128095959040164,0.04490474844700109,0.6793233435227923
0.072,Bending,1.5064811405644312,0.04442615430509216,0.6692716360842665
0.073,Bending,1.501704188992678,0.043504432014549635,0.6533078779599637
0.074,Bending,1.4962620768367603,0.04418476337814243,0.6611198581672022
0.075,Bending,1.5241198903309363,0.04538870367638225,0.6917782606951108
0.076,Bending,1.5093334196393215,0.04576050311357969,0.6906785664883506
0.077,Bending,1.4810216695835032,0.04587368159895778,0.6793991651163047
0.078,Bending,1.5186438312852077,0.04488172235639053,0.6815935079398787
0.079,Bending,1.522712402943659,0.04444685324379418,0.67679774706142
0.08,Bending,1.4835097167694464,0.04469570513838015,0.6630651287064903
0.081,Bending,1.4894204458387197,0.044471721178619875,0.6623709078507524
0.082,Bending,1.5244616613419064,0.04487057279981508,0.6840346795576906
0.083,Bending,1.5070500993671376,0.04471482431679316,0.6738748042980723
0.084,Bending,1.4635879339890296,0.04513502867919571,0.6605908337511965
0.085,Bending,1.4617549004916044,0.044965682976957265,0.6572880744551919
0.086,Bending,1.4726336992233438,0.0459936379996154,0.6773178126811298
0.087,Bending,1.5182272544434945,0.04505287689563574,0.6840050559404178
0.088,Bending,1.5252741335530933,0.04457684201126713,0.679919040752686
0.089,Bending,1.510869587573402,0.04509990521685935,0.6814007519459581
0.09,Bending,1.5052804016266734,0.04563617675005338,0.6869524246702621
0.091,Bending,1.514649842055596,0.04514436183141251,0.6837790051764964
0.092,Bending,1.4669022512754342,0.04451997685236027,0.6530645427145749
0.093,Bending,1.4975458213280854,0.04504668618713832,0.6745947666422658
0.094,Bending,1.4773959255065214,0.04620583833778921,0.6826431729486281
0.095,Bending,1.5303278811050716,0.04530105916019624,0.6932547387643861
0.096,Bending,1.5014407372256748,0.04489389551504942,0.6740552357904822
0.097,Bending,1.4809616307995552,0.04503874025925943,0.6670064622351042
0.098,Bending,1.505155050802855,0.044379119712259184,0.6679745618509146
0.099,Bending,1.506683528344898,0.04492237047558762,0.6768379564977502
0.0,Falling,1.5618438488424522,0.04756980749461025,0.742966112260766
0.001,Falling,1.5917278893315672,0.0489438438286701,0.7790528123318291
0.002,Falling,1.6111310624906752,0.047332259215450055,0.762584730798721
0.003,Falling,1.6097207257883528,0.04722634800553082,0.760212311877964
0.004,Falling,1.6216538210777416,0.04776443767409106,0.774573828658194
0.005,Falling,1.5981272762252168,0.048662898323771096,0.7776950515139297
0.006,Falling,1.5742567286283151,0.0473014409074435,0.7446461162235757
0.007,Falling,1.58832801347308,0.04851918942550966,0.7706438775554382
0.008,Falling,1.5696130784904632,0.04658392220094472,0.7311873353398507
0.009,Falling,1.5909768228318202,0.04827587039995546,0.7680579090836186
0.01,Falling,1.6240052349947767,0.047768419318957304,0.7757616304141229
0.011,Falling,1.59177146785768,0.04857695036712788,0.7732340358993282
0.012,Falling,1.5626051660060918,0.0478057396124085,0.7470149568309158
0.013,Falling,1.6038084777985013,0.04822460936064252,0.7734303733111945
0.014,Falling,1.5898038661361824,0.04801722050585292,0.7633796280131855
0.015,Falling,1.5502334529317403,0.04767087579383308,0.7390098638615397
0.016,Falling,1.6090701742510893,0.04750885298287266,0.7644507834762031
0.017,Falling,1.601179684431792,0.04822343625040135,0.7721438643763427
0.018,Falling,1.5931490159828448,0.048085231885498285,0.766069398616885
0.019,Falling,1.580745348694308,0.047896694360151974,0.7571247682764313
0.02,Falling,1.6122043233917844,0.04807848648048422,0.7751234376597012
0.021,Falling,1.5882693746087213,0.0481121082021454,0.764149880053286
0.022,Falling,1.6142921958127325,0.04697502936071126,0.7583142329507015
0.023,Falling,1.623181481299118,0.04783187263065947,0.7763980986994458
0.024,Falling,1.6085097986648047,0.048598623461822615,0.7817136203996294
0.025,Falling,1.5725665260553907,0.047645279498786226,0.7492537166434439
0.026,Falling,1.594229026082486,0.047608123239437784,0.7589825194562387
0.027,Falling,1.6346987315167363,0.0475716139530866,0.7776525698531455
0.028,Falling,1.5888890644102627,0.04810219451580149,0.764290508402923
0.029,Falling,1.5759570094784783,0.04780215964412187,0.753341485593631
0.03,Falling,1.6063490652250036,0.04783356979780874,0.7683741013108504
0.031,Falling,1.5981322628220012,0.04773533394377581,0.7628737725213032
0.032,Falling,1.5697105938163847,0.04816079660566962,0.7559851263855578
0.033,Falling,1.635098661432945,0.04800920081539172,0.7849977998971246
0.034,Falling,1.604505282344951,0.04834636137755843,0.7757199221245042
0.035,Falling,1.5746133900690662,0.048851257329064805,0.7692184391205504
0.036,Falling,1.6040465759284561,0.048815928449544556,0.7830302288026045
0.037,Falling,1.5853393400895204,0.04890903096127892,0.7753741086857184
0.038,Falling,1.6155031098806958,0.04827652004292618,0.7799086826356498
0.039,Falling,1.604680489087063,0.047875735690962776,0.7682525896397709
0.04,Falling,1.6240106331694775,0.048070179934924025,0.7806648335268668
0.041,Falling,1.560658605928257,0.0474414067691465,0.7403983975161156
0.042,Falling,1.5962830849561451,0.04815499949158278,0.7686901114448536
0.043,Falling,1.598868230222002,0.04860948539489683,0.7772016188534094
0.044,Falling,1.5609779627192275,0.048071793968252584,0.7503901101282138
0.045,Falling,1.563640415492257,0.04837985614774209,0.7564869836831106
0.046,Falling,1.59811082571116,0.04820980498601206,0.7704461125356974
0.047,Falling,1.5827223407882047,0.048639732465828873,0.7698319122362871
0.048,Falling,1.6208344932811771,0.04829177215150594,0.782729700448362
0.049,Falling,1.5974096550627312,0.04828992864264757,0.7713879825605556
0.05,Falling,1.585862148640253,0.048427777829510354,0.767997798025801
0.051,Falling,1.6329896178864785,0.048535305279989595,0.7925764962317379
0.052,Falling,1.5854079506038519,0.04818070865863655,0.7638607857313023
0.053,Falling,1.5741371691248272,0.04828619515558784,0.7600909455002598
0.054,Falling,1.6090120682572508,0.04706509183023392,0.7572830074848212
0.055,Falling,1.5767643231217527,0.04785843055162812,0.7546146585440733
0.056,Falling,1.5939828050571836,0.0473952615322906,0.7554723192365941
0.057,Falling,1.6077795745870438,0.04812573680447026,0.7737557664617922
0.058,Falling,1.5961146173604297,0.04762210424992082,0.7601033670276086
0.059,Falling,1.6209741425283313,0.04882770355654415,0.791484449041967
0.06,Falling,1.5903287703230693,0.04769391654142259,0.7584900764521169
0.061,Falling,1.60982415330824,0.04782098531012651,0.769833771872402
0.062,Falling,1.5972120559867353,0.048369826575862335,0.772568701529549
0.063,Falling,1.5618128782498542,0.048659151162426334,0.759964889301838
0.064,Falling,1.6014536104865869,0.04779425342771891,0.7654027971233137
0.065,Falling,1.598215316915571,0.04798121467751026,0.766843122218111
0.066,Falling,1.5653759739311015,0.04874746911372662,0.763081169405761
0.067,Falling,1.6008265126454124,0.04822150106522369,0.7719425738476908
0.068,Falling,1.619030995411481,0.04748941877121985,0.7688684094468075
0.069,Falling,1.6094694379807046,0.04786617945455061,0.7703915294499912
0.07,Falling,1.61693541550433,0.04693638628982425,0.7589310526780872
0.071,Falling,1.5980181139951748,0.04769858967210802,0.7622321030805178
0.072,Falling,1.6086452590126832,0.048235022093684105,0.7759303960937697
0.073,Falling,1.5858474821035595,0.04764391306791198,0.7555597957630908
0.074,Falling,1.5977866926288535,0.047551678886342395,0.759774397367583
0.075,Falling,1.6168396739090427,0.04781539639977628,0.773098299228459
0.076,Falling,1.5418602356135673,0.0478125889716891,0.7372032969718321
0.077,Falling,1.5792291235831206,0.047184362092269526,0.7451491879380343
0.078,Falling,1.5752514672355487,0.048054704235916484,0.7569824335519777
0.079,Falling,1.6265728165649647,0.04815659223693249,0.783302038709978
0.08,Falling,1.5878699322356853,0.048227952097585354,0.7657971502905874
0.081,Falling,1.5908181937956203,0.04765269981541843,0.7580678184984884
0.082,Falling,1.5769127466353403,0.04712408559662414,0.7431057125085145
0.083,Falling,1.5922015258688111,0.04807902674496007,0.765514997456128
0.084,Falling,1.5980675265997022,0.04779201653602632,0.7637486965693965
0.085,Falling,1.5810850787860644,0.048304123095842484,0.7637292827068187
0.086,Falling,1.5736573616010683,0.04838801395692174,0.7614615437656513
0.087,Falling,1.5799556596214657,0.04762378238132348,0.7524346450595308
0.088,Falling,1.5706642961876867,0.04774929892655718,0.749981189919364
0.089,Falling,1.6195062491695598,0.048257814044221976,0.7815383141588004
0.09,Falling,1.6195684422405607,0.04826107127296697,0.781621080224198
0.091,Falling,1.5779266034293926,0.047834605387836224,0.7547949640601372
0.092,Falling,1.5843960174176508,0.04866528745201952,0.7710508762546491
0.093,Falling,1.5760642270714738,0.04844684884469456,0.7635534537846205
0.094,Falling,1.6178590774021755,0.04891481010085805,0.7913726954107682
0.095,Falling,1.59180626814741,0.04835616107979008,0.7697364031035568
0.096,Falling,1.645633036730777,0.047691179161533155,0.7848217998886535
0.097,Falling,1.569299195049353,0.04705999498304612,0.7385121224592085
0.098,Falling,1.6142542405772267,0.04705842489597071,0.7596426194320566
0.099,Falling,1.5925536189412417,0.04821865659351948,0.7679079605849441
0.0,Clapping,1.7037035107365985,0.051212722432092087,0.8725129500193424
0.001,Clapping,1.7044457971160172,0.0516394329066567,0.8801661438320557
0.002,Clapping,1.6809536723852243,0.050661502430770736,0.8515963855955704
0.003,Clapping,1.6845468110945836,0.05141509590593131,0.8661113585045876
0.004,Clapping,1.7180079717679015,0.051225612659659255,0.8800601090798933
0.005,Clapping,1.7236698733377986,0.05041097956631181,0.8689188676389903
0.006,Clapping,1.7333444822310229,0.051761619310856134,0.8972071722381524
0.007,Clapping,1.7147124399449152,0.05189089945438553,0.8897797081436569
0.008,Clapping,1.6668675358464446,0.05073777593186868,0.84573151541883
0.009,Clapping,1.685293930786361,0.05136073966187867,0.8655794283286246
0.01,Clapping,1.6789971852079573,0.051378747574668746,0.8626477255737898
0.011,Clapping,1.7274107228799345,0.051347601450042,0.8869839733896783
0.012,Clapping,1.7056750204732303,0.05050606332954963,0.8614693060365182
0.013,Clapping,1.6830629806774928,0.051624809452648336,0.8688780567428191
0.014,Clapping,1.7155869800781067,0.05098049024031123,0.8746146529427694
0.015,Clapping,1.6916418090846823,0.049987096063444314,0.8456026161565475
0.016,Clapping,1.6785829516263113,0.051955709543569865,0.8721196827948481
0.017,Clapping,1.6743908885799508,0.051094739910610545,0.8555256696068867
0.018,Clapping,1.7201488794639042,0.050372538665998855,0.8664826594207011
0.019,Clapping,1.7036942094956218,0.05146895776875533,0.8768736531940315
0.02,Clapping,1.7002499864381453,0.05243420152783339,0.8915125043659369
0.021,Clapping,1.6666280148224362,0.051529364264941944,0.8588028206994237
0.022,Clapping,1.6965439652520709,0.051385960077418344,0.8717854046802792
0.023,Clapping,1.708826143033985,0.05063342190144501,0.8652371505645878
0.024,Clapping,1.7045799278491869,0.05007104927430086,0.8535010555932083
0.025,Clapping,1.712064950011428,0.05114907923299527,0.8757054578016861
0.026,Clapping,1.7127732033728622,0.05152905916254358,0.8825759172861949
0.027,Clapping,1.7073523968041944,0.05107404470989914,0.8720139264993088
0.028,Clapping,1.6823786332667743,0.05064388961817548,0.8520219779913945
0.029,Clapping,1.7237346924035468,0.051718167702852993,0.8914839989695235
0.03,Clapping,1.695237791273759,0.05102300137362664,0.8649612015278481
0.031,Clapping,1.681907712500125,0.05158637842263373,0.8676352772897771
0.032,Clapping,1.7133083364738357,0.05197060871823188,0.8904167716856648
0.033,Clapping,1.6824335384564053,0.05081099605049089,0.8548612387772182
0.034,Clapping,1.7046289184505117,0.05132324476886289,0.8748708722171762
0.035,Clapping,1.6956866472490475,0.05056351945477315,0.8573988477737627
0.036,Clapping,1.7176281505784716,0.0513605676812728,0.8821835687904501
0.037,Clapping,1.6816745179887256,0.051677721400552754,0.869051072270302
0.038,Clapping,1.7234039741839322,0.0510671482486239,0.8800932624191846
0.039,Clapping,1.7015919572475209,0.051277028885557956,0.8725257994321423
0.04,Clapping,1.682765938594875,0.051015015739582045,0.858463308434501
0.041,Clapping,1.6569523291078165,0.051438227822751474,0.8523069139608654
0.042,Clapping,1.668770135551163,0.0517517099142145,0.8636170796854821
0.043,Clapping,1.6933975981206713,0.050894166509034416,0.8618405932475238
0.044,Clapping,1.68744532187831,0.050855980563038965,0.8581668649063436
0.045,Clapping,1.7283706269029608,0.04975609567173246,0.8599697426839593
0.046,Clapping,1.725539307721764,0.05116901174055086,0.8829414109559695
0.047,Clapping,1.6758595670428558,0.05046234380347538,0.8456780163845999
0.048,Clapping,1.7335278605441642,0.05052724656002864,0.8759038962839393
0.049,Clapping,1.676932989788081,0.051568657271182365,0.864771826171207
0.05,Clapping,1.7067710575257184,0.05053103721173181,0.8624491181973892
0.051,Clapping,1.7043324995080926,0.05048712365817987,0.8604684565731985
0.052,Clapping,1.7220164279684522,0.05153068548243657,0.8873668694523119
0.053,Clapping,1.710640123976439,0.051180830530623514,0.8755198228412292
0.054,Clapping,1.7352237624973477,0.05099984316369412,0.8849613974127994
0.055,Clapping,1.6763625174915842,0.051224736956416154,0.8587122900210198
0.056,Clapping,1.7417209409907424,0.050492620253407075,0.8794405406085238
0.057,Clapping,1.6927707446661204,0.05120822301905073,0.8668378181298728
0.058,Clapping,1.6989219030198854,0.050508848209811344,0.8581058851995522
0.059,Clapping,1.7224371571246095,0.052160020361008634,0.8984235718617746
0.06,Clapping,1.7039226291804783,0.050547965855132,0.8612982287960157
0.061,Clapping,1.6690207894989306,0.051128987990610594,0.8533534390237024
0.062,Clapping,1.7220775468663254,0.05123758387324769,0.8823509274379998
0.063,Clapping,1.6999519231816231,0.05070536417410535,0.8619668134339497
0.064,Clapping,1.6781567273456384,0.05141737566316244,0.8628641487159395
0.065,Clapping,1.7182754324277119,0.050227135106654636,0.8630405229499211
0.066,Clapping,1.7317967795636138,0.05128703561044701,0.888187231035365
0.067,Clapping,1.727991892902916,0.050328936125757444,0.8696799360373757
0.068,Clapping,1.6726835168916914,0.05092551534511636,0.8518227010699102
0.069,Clapping,1.7100556885379041,0.05189818041146348,0.8874877863738956
0.07,Clapping,1.7141215782763028,0.050878659361593984,0.8721220788547788
0.071,Clapping,1.6794726158466824,0.051615000286359576,0.8668597954785957
0.072,Clapping,1.680705891484986,0.05181423427738616,0.8708448881278623
0.073,Clapping,1.69431230700787,0.05179529103630893,0.8775739904787263
0.074,Clapping,1.7135786258011858,0.050931502255278774,0.872751336445906
0.075,Clapping,1.6896120725634776,0.05082954606132696,0.8588221466813939
0.076,Clapping,1.708566333847505,0.05103857824810886,0.8720279652216036
0.077,Clapping,1.6881237718386262,0.05091718429484119,0.8595450920320977
0.078,Clapping,1.7015715405943832,0.049935632952792595,0.8496905189403894
0.079,Clapping,1.7091633622957743,0.0505101393876416,0.8633007966580974
0.08,Clapping,1.6769333519358853,0.05015632782644465,0.8410881894279494
0.081,Clapping,1.6641221500426424,0.05032227624844386,0.8374241454560019
0.082,Clapping,1.6858195808473904,0.05197662956876329,0.876232198734726
0.083,Clapping,1.6894824064820961,0.05108887505313402,0.8631375556923199
0.084,Clapping,1.7080096277301267,0.05106553259310793,0.8722042131419493
0.085,Clapping,1.6984511307854804,0.050402353118200384,0.8560593364785652
0.086,Clapping,1.7290185509655844,0.05190359832181895,0.8974228436029114
0.087,Clapping,1.6663468261175465,0.050487985704556815,0.8413049473585631
0.088,Clapping,1.69440379315246,0.050517731102544906,0.855974352016081
0.089,Clapping,1.7101193110691175,0.0506358638987967,0.8659336868599982
0.09,Clapping,1.7433011213561322,0.051595274297171805,0.8994609953893684
0.091,Clapping,1.7042514806126445,0.05151349313165987,0.8779194694116064
0.092,Clapping,1.7221180084871464,0.05071802625597088,0.8734242637033138
0.093,Clapping,1.683675655109161,0.05103907153148483,0.8593324219693604
0.094,Clapping,1.717232722489959,0.05106953019932671,0.8769826838047299
0.095,Clapping,1.6684600703561803,0.05059858777802458,0.8442172332404625
0.096,Clapping,1.6985205427281127,0.05096216719783709,0.8656028788747108
0.097,Clapping,1.7394508435357963,0.050307006028800505,0.8750656407255742
0.098,Clapping,1.7101117848367178,0.05174455655416415,0.8848897596442613
0.099,Clapping,1.745428994908456,0.05079780128840802,0.8866395524638548
0.0,Waving Hand,1.8098285890544041,0.05428488017859932,0.9824632810062182
0.001,Waving Hand,1.803909634631066,0.05395057739938035,0.9732196636465125
0.002,Waving Hand,1.808719507790001,0.05273387695739016,0.9538079197422921
0.003,Waving Hand,1.8136413898012527,0.054063088951830984,0.9805105578354749
0.004,Waving Hand,1.7955505020644347,0.05502343109785978,0.9879734933306995
0.005,Waving Hand,1.786501319624189,0.053798462005467486,0.9611102336651945
0.006,Waving Hand,1.8398310660440946,0.05358396934757507,0.9858545144762312
0.007,Waving Hand,1.7889976943412693,0.05392648728828457,0.9647436142266487
0.008,Waving Hand,1.816814689642591,0.05410390125367666,0.9829676256465194
0.009,Waving Hand,1.7741474930569547,0.05373391571843641,0.9533189186399765
0.01,Waving Hand,1.7878529113357557,0.053961389477388474,0.964750272768716
0.011,Waving Hand,1.8085168731725967,0.05420910287794398,0.9803807723431086
0.012,Waving Hand,1.764479764919032,0.054531970493780425,0.9622055847743728
0.013,Waving Hand,1.8050513769199326,0.054692266023796954,0.9872235009312593
0.014,Waving Hand,1.8088839665458134,0.05455066147886788,0.9867581691359244
0.015,Waving Hand,1.8093309062290026,0.05467311287810137,0.989217528700957
0.016,Waving Hand,1.8104450127203555,0.05395104237677855,0.9767539560210328
0.017,Waving Hand,1.8454486944089377,0.054444518561139944,1.004745656963789
0.018,Waving Hand,1.8114748884200884,0.05336184779173083,0.9666364727441534
0.019,Waving Hand,1.7742338476507293,0.054146357741070926,0.9606830063121312
0.02,Waving Hand,1.8029104239553648,0.05369293871749584,0.9680355890656986
0.021,Waving Hand,1.8028196539922412,0.0547943134640218,0.9878426523995019
0.022,Waving Hand,1.813908049491006,0.05342949574512363,0.9691619241232521
0.023,Waving Hand,1.797769823457141,0.05359751675957372,0.963559982426
0.024,Waving Hand,1.792246001671829,0.05379319216718518,0.9641063357880199
0.025,Waving Hand,1.79044708834792,0.0533724323140133,0.9556051603467155
0.026,Waving Hand,1.7974469063696363,0.05371969618157634,0.9655830171269115
0.027,Waving Hand,1.7414110261999547,0.05502648601225083,0.9582372947477118
0.028,Waving Hand,1.8217753930843334,0.053811849637537504,0.9803310352601993
0.029,Waving Hand,1.8003763809948121,0.05341417282634122,0.9616561516691964
0.03,Waving Hand,1.8339144575562174,0.054948644347386555,1.0077111329178692
0.031,Waving Hand,1.8031338745649306,0.05451176532209267,0.9829201061459918
0.032,Waving Hand,1.8035057355786785,0.05333163728056203,0.9618391372329531
0.033,Waving Hand,1.7917635326207269,0.05406596398338598,0.9687342262141664
0.034,Waving Hand,1.790909045625131,0.05389067336128248,0.9651329439755009
0.035,Waving Hand,1.7981720088498176,0.05395956075106727,0.970285717524004
0.036,Waving Hand,1.8010451698099497,0.0534696974668017,0.963013403537825
0.037,Waving Hand,1.7856596770174413,0.053357707867150016,0.9527870739644608
0.038,Waving Hand,1.819556310993724,0.052947176529079834,0.9634036920278599
0.039,Waving Hand,1.8230718068663385,0.05469317469863142,0.9970958482109029
0.04,Waving Hand,1.7939563882603475,0.05269843145608635,0.9453868776194616
0.041,Waving Hand,1.7927737887606543,0.05396790791935559,0.9675225075206924
0.042,Waving Hand,1.7797880356014217,0.053742390803095876,0.9565006415596593
0.043,Waving Hand,1.830603903977267,0.05433246358115087,0.9946121994435746
0.044,Waving Hand,1.781508717712438,0.053201200415202286,0.9477840233244945
0.045,Waving Hand,1.7934596536478047,0.05389327161032478,0.9665540823620016
0.046,Waving Hand,1.8099239837472663,0.05373234164371617,0.972514538438639
0.047,Waving Hand,1.8102299915072373,0.05496757702003011,0.9950395648214252
0.048,Waving Hand,1.8163100204488853,0.05397595574633461,0.9803706928537315
0.049,Waving Hand,1.7963369905789341,0.05382166343291006,0.9668184491902593
0.05,Waving Hand,1.823612818249043,0.053686343277024345,0.9790310376489992
0.051,Waving Hand,1.8009044541799997,0.05402559895094054,0.9729494179049114
0.052,Waving Hand,1.7899643161437695,0.05331376722605795,0.9542974089383893
0.053,Waving Hand,1.8064594900723534,0.05396949801407231,0.9749371186196196
0.054,Waving Hand,1.8100048093887315,0.05373319984678042,0.9725735014651842
0.055,Waving Hand,1.824416425976261,0.05356161310939408,0.9771868675856399
0.056,Waving Hand,1.8342408056803579,0.05312618174508587,0.9744621040682743
0.057,Waving Hand,1.8086954012911378,0.05423771534126331,0.9809950631428075
0.058,Waving Hand,1.7840888586411825,0.0542121969689305,0.9671937661473019
0.059,Waving Hand,1.8255903733952032,0.052891590580322966,0.9655837859699802
0.06,Waving Hand,1.8100548961498164,0.05275336458983496,0.9548648586420712
0.061,Waving Hand,1.780686703929536,0.05481458318245047,0.9760759945442911
0.062,Waving Hand,1.788364359332159,0.05341306001779551,0.9552201285869504
0.063,Waving Hand,1.7960412454203063,0.05503395316908177,0.9884324979020044
0.064,Waving Hand,1.7633663550558796,0.053474345044180326,0.942948609095567
0.065,Waving Hand,1.8299486336635926,0.054928851171768864,1.0051697615048925
0.066,Waving Hand,1.7979313755141944,0.05338047364873668,0.9597442841287235
0.067,Waving Hand,1.8419168700361832,0.054797221195874594,1.0093192615178572
0.068,Waving Hand,1.8135789397552446,0.05359379882553129,0.971965848514629
0.069,Waving Hand,1.7990194131832393,0.05391981995947758,0.9700280286244527
0.07,Waving Hand,1.8066170260923116,0.054725500719065664,0.9886802136049107
0.071,Waving Hand,1.817588340822748,0.05346131196150762,0.9717065730632397
0.072,Waving Hand,1.8275299290003908,0.05415656607000658,0.989727453448241
0.073,Waving Hand,1.8137413159171785,0.054733270429639304,0.9927199393350478
0.074,Waving Hand,1.777768395009729,0.05398208721064677,0.9596764853974672
0.075,Waving Hand,1.7893709089728158,0.05321607028731727,0.9522328806197816
0.076,Waving Hand,1.8069341995520984,0.055255778275792214,0.9984355548939683
0.077,Waving Hand,1.763198445109885,0.053983859694475264,0.9518425747432897
0.078,Waving Hand,1.8128108587014955,0.05406153910082809,0.9800334512009665
0.079,Waving Hand,1.7977374389496852,0.05335039181827709,0.9590999675435169
0.08,Waving Hand,1.8046557348588033,0.05362161801149204,0.9676856045684721
0.081,Waving Hand,1.756201565900429,0.05459729611025686,0.9588385692276251
0.082,Waving Hand,1.819167716396841,0.05402583048842554,0.9828204667607192
0.083,Waving Hand,1.804581493764114,0.05453715900635778,0.9841674786534413
0.084,Waving Hand,1.8044867931355617,0.054452008777380656,0.9825793069848509
0.085,Waving Hand,1.794050355982523,0.05465599186928697,0.9805560166967218
0.086,Waving Hand,1.8064157145186537,0.05409702597180294,0.9772171782418857
0.087,Waving Hand,1.7745987782257595,0.05414347792715085,0.9608294977841527
0.088,Waving Hand,1.783360901650111,0.05368085863673575,0.9573234445976122
0.089,Waving Hand,1.7836924874336777,0.05346688253405039,0.953684767024846
0.09,Waving Hand,1.8424954280603392,0.0546656695309942,1.007212461827142
0.091,Waving Hand,1.8384073500428852,0.053388552490222216,0.981499073061749
0.092,Waving Hand,1.801425074998218,0.05335324618739795,0.9611187551453173
0.093,Waving Hand,1.7860861024560588,0.05354093650829171,0.9562872260994205
0.094,Waving Hand,1.8247916801288313,0.05380188516094912,0.9817723241694678
0.095,Waving Hand,1.8213675866738803,0.054302060444794256,0.9890401278375409
0.096,Waving Hand,1.8460727750420958,0.05326027788843014,0.9832234900100739
0.097,Waving Hand,1.825184664795736,0.05457322043520036,0.9960620504684498
0.098,Waving Hand,1.7805324232394593,0.05450356666823658,0.970453676349887
0.099,Waving Hand,1.8067228992605247,0.053886261870023294,0.9735754327612035
0.0,Punching,1.88352129026056,0.05664044527427541,1.0668348456393586
0.001,Punching,1.9409962419157187,0.057000341409478746,1.1063744846371117
0.002,Punching,1.9156426000306293,0.056604550309166224,1.0843408792781575
0.003,Punching,1.8844029410755674,0.05754099240462497,1.0843041531968218
0.004,Punching,1.8730084757689696,0.05679239311604737,1.0637263366556
0.005,Punching,1.9006805482214448,0.057055686300920026,1.0844463311758346
0.006,Punching,1.896418134299677,0.05719790989054797,1.0847115356047403
0.007,Punching,1.9138571151163564,0.057367318772729665,1.097928512083368
0.008,Punching,1.8802839238266436,0.0568579224510356,1.0690903752686423
0.009,Punching,1.923895257237539,0.05744732359378694,1.1052263340307686
0.01,Punching,1.8725428109703788,0.0571757399501761,1.0706402080561415
0.011,Punching,1.860435495012504,0.05702346745103019,1.0608848289458674
0.012,Punching,1.9379553403349197,0.05652605364136551,1.0954496752234242
0.013,Punching,1.8833135390901685,0.05738201489078643,1.0806832554409176
0.014,Punching,1.8691439696958072,0.05668362248505748,1.0594985114845885
0.015,Punching,1.9119288227516351,0.0566828570761553,1.083735881998128
0.016,Punching,1.8952806002557807,0.05737209285515752,1.0873621458445333
0.017,Punching,1.9084309216707314,0.0571334091981477,1.0903516477421207
0.018,Punching,1.8932175544145993,0.05718503055763448,1.0826370370144887
0.019,Punching,1.897525346398005,0.05722890280496289,1.08593293618965
0.02,Punching,1.8900613594976405,0.05690871551281023,1.0756096420940657
0.021,Punching,1.88020084414896,0.05698249619499689,1.0713853744754804
0.022,Punching,1.8837799827274233,0.056442976774919,1.0632614981414128
0.023,Punching,1.905173222957108,0.05710636988792883,1.087975267707661
0.024,Punching,1.9156574746989716,0.05678443721521245,1.087795315978962
0.025,Punching,1.9081610569367353,0.057275398786136834,1.0929068548422787
0.026,Punching,1.9088954761566321,0.05658717315859893,1.080189988509415
0.027,Punching,1.902987269645424,0.057182070148027335,1.0881675154366763
0.028,Punching,1.900143569338159,0.05595676117081446,1.063258798997143
0.029,Punching,1.9032097924794698,0.05810626551969862,1.105884135415026
0.03,Punching,1.8927992146248604,0.056635961451072345,1.072005033541136
0.031,Punching,1.907466971194228,0.05715618910523329,1.0902354291756386
0.032,Punching,1.9238547033083284,0.056371065922045556,1.0844974030463117
0.033,Punching,1.9146276050514999,0.05729521103062574,1.0969899267648724
0.034,Punching,1.8971570692611892,0.05716934365896085,1.084592244676199
0.035,Punching,1.9205891496319674,0.05743615769001423,1.1031126125599202
0.036,Punching,1.8771396137585254,0.057410079093377746,1.077667336951895
0.037,Punching,1.8987062278993498,0.05703643704900776,1.0829543824214025
0.038,Punching,1.901463939820034,0.05692487850560087,1.0824060375703661
0.039,Punching,1.9238341499421414,0.0569581410200754,1.0957801681164137
0.04,Punching,1.8776090774323368,0.05680323507201514,1.066542697987385
0.041,Punching,1.9035738943362097,0.05761460739214853,1.0967366256412394
0.042,Punching,1.9120618936989768,0.05657473236062648,1.0817438989297226
0.043,Punching,1.9497037983335779,0.05713238765548899,1.1139123321977331
0.044,Punching,1.9255078147599805,0.05692414278321139,1.0960788177758647
0.045,Punching,1.910667184894109,0.05741973425225921,1.0971000200113195
0.046,Punching,1.9243638942350854,0.057528684152689115,1.1070612266628908
0.047,Punching,1.9174439400014598,0.056842456634402946,1.089922240084317
0.048,Punching,1.888565079160879,0.0571663037551621,1.0796228497670257
0.049,Punching,1.9186625614468216,0.056888639649611696,1.091501030673492
0.05,Punching,1.9213034393142878,0.05772630837274309,1.1090975481546848
0.051,Punching,1.8816735816185317,0.056581539648101864,1.0646798836313478
0.052,Punching,1.8971924988218933,0.0571538063340946,1.0843177265616348
0.053,Punching,1.889508659724659,0.05767610133943357,1.0897949294001674
0.054,Punching,1.908481337230369,0.05701972352412037,1.0882107819981917
0.055,Punching,1.8712818095226296,0.05634209209178625,1.054319320418084
0.056,Punching,1.9056201850056362,0.05593370218692258,1.0658839190949356
0.057,Punching,1.9202527481928815,0.056920923077813844,1.0930255896984764
0.058,Punching,1.9648618593918947,0.058153958125308054,1.1426449429309118
0.059,Punching,1.8963710186150498,0.05694683149873434,1.0799232085615444
0.06,Punching,1.9199116302800407,0.05785158630495902,1.1106993337704036
0.061,Punching,1.8672394188512798,0.056106812267322656,1.0476485153163342
0.062,Punching,1.8875593038889125,0.05729136879158694,1.081408561950908
0.063,Punching,1.909937471810152,0.05753488572749193,1.0988803418725193
0.064,Punching,1.876006049432694,0.05584192806851557,1.0475979486852056
0.065,Punching,1.917160283906043,0.056585901863517384,1.0848424368174048
0.066,Punching,1.8596302427122273,0.05707253187297969,1.0613380629915055
0.067,Punching,1.9158635137643736,0.05693897143393936,1.0908729788155636
0.068,Punching,1.8908430322763503,0.05692031888392705,1.0762738835662142
0.069,Punching,1.8925883447519845,0.05632597644402992,1.0660188652474585
0.07,Punching,1.8857063864601915,0.05726063995250691,1.0797675445123986
0.071,Punching,1.9064335708275302,0.05708402990298341,1.0882691096517019
0.072,Punching,1.8800970303629325,0.05690924841893217,1.0699490895262078
0.073,Punching,1.8564586990711431,0.057089238331942696,1.0598381312468077
0.074,Punching,1.9285771541562715,0.05626293393397895,1.0850740901087543
0.075,Punching,1.888281446533645,0.05716455338935507,1.0794276556450118
0.076,Punching,1.9250568526885499,0.05677588769184993,1.092968116686712
0.077,Punching,1.8861549934146822,0.056015538428791964,1.05653987516278
0.078,Punching,1.9020687625861623,0.05802103802007187,1.103600039908028
0.079,Punching,1.9055471692392936,0.05698886051040815,1.085949618237812
0.08,Punching,1.9064416462153397,0.056994453998025704,1.0865660070514058
0.081,Punching,1.8837397125547974,0.05741163995783886,1.0814858615147889
0.082,Punching,1.9045152304622353,0.05700880662596683,1.0857414048963023
0.083,Punching,1.8804926794544352,0.05765175396596738,1.0841370129070986
0.084,Punching,1.9132940549066624,0.05672353958131635,1.0852881105419534
0.085,Punching,1.9200364970736388,0.056751214580807396,1.0896440324840786
0.086,Punching,1.8843599301497793,0.05662014844125986,1.0669273896184257
0.087,Punching,1.8645786289382382,0.0572357711902091,1.067205957720628
0.088,Punching,1.863377102433233,0.05638577808436712,1.050679677852913
0.089,Punching,1.8584882398184295,0.05695696515360456,1.0585384991372215
0.09,Punching,1.8969935907945628,0.05683665189340682,1.078187643640144
0.091,Punching,1.8791484461065886,0.05641388312328168,1.0601006080995348
0.092,Punching,1.9092873972709317,0.05672472403414576,1.0830380071206602
0.093,Punching,1.906327166430723,0.05655737565693789,1.0781686167684836
0.094,Punching,1.9036212548554219,0.05765163901865803,1.097468854131696
0.095,Punching,1.9117233160078557,0.05679379309089176,1.0857401845638366
0.096,Punching,1.9051439794071188,0.0568796674127349,1.083639559220512
0.097,Punching,1.9001576036938947,0.05683719447392575,1.0799962725225862
0.098,Punching,1.8967132958822923,0.05710604667653709,1.0831379800666268
0.099,Punching,1.8801328260083612,0.056492060586505015,1.0621257751754123
0.0,Kicking,1.9722291489233759,0.05919986444774814,1.1675569827616152
0.001,Kicking,1.9756543461555904,0.06007973125340206,1.1869678216664363
0.002,Kicking,1.9821442496901622,0.060256807232115545,1.194376839598264
0.003,Kicking,2.0006942749750514,0.05901574789328097,1.180724689434582
0.004,Kicking,2.013099511684434,0.06040539932279585,1.2160207987982357
0.005,Kicking,1.9801227465033029,0.060210095771447494,1.1922338020618553
0.006,Kicking,1.982870035251816,0.060048835188374165,1.1906903594680198
0.007,Kicking,1.9747100318609008,0.05910344677373271,1.1671216926164676
0.008,Kicking,1.9923436562077406,0.05993813552686258,1.1941736408186445
0.009,Kicking,1.992046406127708,0.05940798472088872,1.1834346245853617
0.01,Kicking,1.9920020187573773,0.060134647376290366,1.1978833897083343
0.011,Kicking,1.9991021393975492,0.06009125051529961,1.2012854746420951
0.012,Kicking,1.9865976959909153,0.060585858957358074,1.2035972781431812
0.013,Kicking,1.9764765332689045,0.060243780148543355,1.1907041773900702
0.014,Kicking,2.0236378218591993,0.060240454046374445,1.2190486121421438
0.015,Kicking,1.9959495154587035,0.05973585147666851,1.192297438103696
0.016,Kicking,2.020721753020925,0.059288512537369165,1.198055869885157
0.017,Kicking,1.980597514792407,0.05980122111725414,1.1844214992638475
0.018,Kicking,2.02475307515024,0.06018988381802044,1.2186965235347256
0.019,Kicking,1.980639084829795,0.05984484614730755,1.185310413049831
0.02,Kicking,1.987713537118074,0.05964510550388323,1.1855738363290445
0.021,Kicking,2.0195777911711357,0.05931412843536824,1.1978949649074204
0.022,Kicking,2.0321756171146874,0.06041411484509231,1.2277209111776306
0.023,Kicking,2.021817233412074,0.059768530243987365,1.208410444630044
0.024,Kicking,1.9970011856184178,0.059283424092737645,1.1838906820071655
0.025,Kicking,1.989506751858664,0.06024682742382157,1.1986146993775673
0.026,Kicking,2.025921261235628,0.05944642159159877,1.2043376940679664
0.027,Kicking,1.9926898812602947,0.05992435038988374,1.1941064666301773
0.028,Kicking,1.9720842159561502,0.060295674620879196,1.189081482102637
0.029,Kicking,1.9855201933651478,0.05990230482441149,1.1893723585798353
0.03,Kicking,1.9909610125617625,0.05960533074714016,1.1867188965840494
0.031,Kicking,1.999859100290389,0.05989219521071599,1.1977595162851882
0.032,Kicking,1.9925628423544266,0.059635769189159825,1.1882801776154484
0.033,Kicking,2.006390493415659,0.06082680863424614,1.2204233058856497
0.034,Kicking,2.0027977446567826,0.060498059107455565,1.2116537633652473
0.035,Kicking,1.9721955614969306,0.060078880719646885,1.184873018949911
0.036,Kicking,1.9780526336205786,0.059261537536234046,1.1722244039595253
0.037,Kicking,1.9852125718508193,0.060595949667206786,1.2029584108257838
0.038,Kicking,2.019000316573393,0.060121502361027195,1.213853322997819
0.039,Kicking,1.9693459888022014,0.05990185967430603,1.1796748707138691
0.04,Kicking,2.0060340001780346,0.060087768114789296,1.2053810583308093
0.041,Kicking,1.963124128330385,0.05955484107599006,1.169135454751576
0.042,Kicking,1.9987184447170256,0.060268145454758594,1.2045905394931458
0.043,Kicking,1.956077443578001,0.059918938012260066,1.1720608308893037
0.044,Kicking,2.0028609753975792,0.060424805994258105,1.2102248587186928
0.045,Kicking,2.0138571516847485,0.0602912856594044,1.2141803680945968
0.046,Kicking,1.9840011898659613,0.059045998931438345,1.1714733213679795
0.047,Kicking,1.992138944858772,0.060500815912604276,1.205260315752303
0.048,Kicking,2.027869090550489,0.06035527455114889,1.2239259571396337
0.049,Kicking,2.0085868164560345,0.06018981982419298,1.208964785837381
0.05,Kicking,1.9888776250647844,0.05993496985322319,1.19203320500008
0.051,Kicking,2.0333813905165266,0.05952872099710406,1.210445934767618
0.052,Kicking,2.032295575814197,0.05983898592275397,1.2161050635202093
0.053,Kicking,2.0265086421819016,0.05929659249525123,1.2016505714356511
0.054,Kicking,2.011718084023293,0.059631614932026185,1.1996199813827049
0.055,Kicking,1.9716946561615163,0.06010926702120547,1.185171205714965
0.056,Kicking,2.0201894357719192,0.05957752928070325,1.203578952622689
0.057,Kicking,1.970019680790832,0.05995407761783252,1.1811071285079118
0.058,Kicking,1.9982512934244563,0.06027415981377725,1.2044291780795278
0.059,Kicking,2.01899189142729,0.05997029240936375,1.2107953410102898
0.06,Kicking,2.0371100662958854,0.06011211737226765,1.2245499940540618
0.061,Kicking,1.993071469879862,0.059194216320448585,1.1797830373018297
0.062,Kicking,1.9947468095936767,0.05983180652729443,1.193493051825467
0.063,Kicking,2.0192060959256293,0.060231241812033424,1.2161929063202854
0.064,Kicking,1.9764126175673478,0.06008612719320552,1.187549799254079
0.065,Kicking,2.013430623434581,0.06076401567969392,1.2234412997235478
0.066,Kicking,2.017750079348281,0.060380423327155736,1.218326039594513
0.067,Kicking,2.001201719892303,0.060194156002711725,1.204606485200923
0.068,Kicking,2.0249900980141233,0.05933361130126017,1.2014997536447072
0.069,Kicking,1.9930112134556608,0.05961371562562188,1.1881080371762134
0.07,Kicking,2.0075830623745223,0.06061511108782539,1.2168987034386838
0.071,Kicking,1.9880605142655785,0.05880484781626528,1.1690759599091343
0.072,Kicking,1.9917555850995106,0.0604567368660087,1.2041504330976431
0.073,Kicking,2.0107525980589975,0.060214093123905285,1.2107564418865897
0.074,Kicking,1.9944001339625104,0.05936048463189011,1.1838855850192116
0.075,Kicking,2.0103058864324894,0.05958285909498268,1.1977977236912127
0.076,Kicking,2.043681934667609,0.060285253604177254,1.2320388371771243
0.077,Kicking,1.988387033948921,0.05969430737630568,1.1869538678760765
0.078,Kicking,1.9981411158677282,0.05988024903898912,1.1964918763320318
0.079,Kicking,2.022336675510599,0.06009320808487202,1.2152869865912674
0.08,Kicking,1.9853673652218293,0.06094522034257789,1.209986515344077
0.081,Kicking,2.0009861666304043,0.06038441983798445,1.2082838877580944
0.082,Kicking,1.9878354698511047,0.06018155781387226,1.1963103525331018
0.083,Kicking,2.0062221998228638,0.059055175353951925,1.184778038095304
0.084,Kicking,2.040305502209213,0.06064532223046127,1.2373498463006083
0.085,Kicking,1.9920560936770801,0.05944886512977207,1.1842547404394934
0.086,Kicking,2.006951232276071,0.0600433488497072,1.2050407296390189
0.087,Kicking,2.0071133789712645,0.06009578869809704,1.2061906151578068
0.088,Kicking,2.0101248197861183,0.0607236528496959,1.2206212174124977
0.089,Kicking,2.011362064102573,0.05947517225054503,1.1962610522071233
0.09,Kicking,2.027251257054249,0.06082030728174414,1.232980443913415
0.091,Kicking,2.0630411346902418,0.0594382529833802,1.2262356087883834
0.092,Kicking,2.0048576402630056,0.058958950648405506,1.1820430266934527
0.093,Kicking,2.011062983127584,0.059725899850916614,1.201125463241637
0.094,Kicking,2.038468915896499,0.059612692514990705,1.2151862068470445
0.095,Kicking,1.9662163392406549,0.05976436812964874,1.175096771209088
0.096,Kicking,1.9604902445756573,0.060375549727253654,1.183656762511733
0.097,Kicking,1.9586983390748736,0.060014228790591574,1.1754977025299116
0.098,Kicking,1.958443763602876,0.059839851097731676,1.1719298319727731
0.099,Kicking,2.0328675631160906,0.060180323945717894,1.2233862848706845
